width,100,height,100,cellSize,10.000000
1.137901,1.091893,1.082729,1.089897,0.988911,0.986003,0.936378,0.889752,0.859065,0.882619,0.722218,0.763066,0.698272,0.708632,0.678207,0.686581,0.594992,0.624714,0.641802,0.766017,0.781285,0.721851,0.825543,0.870327,0.840521,0.983481,0.960154,1.063062,1.135445,1.101432,1.063240,1.157671,1.219147,1.197863,1.185029,1.181353,1.023756,0.997087,1.043431,0.996707,0.899637,0.916738,0.893131,0.753820,0.751055,0.654572,0.622561,0.720397,0.673696,0.624581,0.676511,0.751656,0.682401,0.781700,0.749277,0.804360,0.914810,0.910733,1.028068,1.017289,1.107417,1.093731,1.142794,1.079822,1.173019,1.220809,1.107629,1.203120,1.075093,1.084725,1.033749,0.956052,0.955494,0.908124,0.908320,0.784821,0.828954,0.743632,0.719077,0.746297,0.604278,0.702291,0.646588,0.688761,0.615388,0.692352,0.784849,0.698258,0.834774,0.878939,0.927725,0.938449,0.994119,1.004497,1.125324,1.100579,1.057785,1.098313,1.180296,1.108887
1.279085,1.252357,1.127272,1.208305,1.057550,1.126257,0.984486,1.006975,0.888113,0.961449,0.779512,0.825224,0.806309,0.691900,0.718399,0.780432,0.684587,0.719297,0.685458,0.815754,0.740132,0.806866,0.933960,0.927353,0.913824,1.021518,1.141615,1.181291,1.137394,1.170853,1.140615,1.151367,1.242870,1.225290,1.142586,1.121627,1.192890,1.186894,1.006793,1.016633,1.030562,0.971798,0.899620,0.800627,0.862985,0.709602,0.709583,0.716377,0.694088,0.770211,0.803322,0.703327,0.847662,0.743871,0.822287,0.831986,0.960933,0.966189,0.971852,1.114103,1.082080,1.148230,1.198216,1.152257,1.279685,1.252190,1.244844,1.189977,1.130937,1.108226,1.091475,1.125850,1.008369,1.006224,0.961499,0.966583,0.834259,0.867321,0.835042,0.709723,0.810369,0.694934,0.764968,0.755113,0.746175,0.761307,0.748808,0.783348,0.890317,0.943727,1.003622,1.053894,1.064416,1.183712,1.074610,1.118905,1.161471,1.260445,1.291363,1.232221
1.240352,1.241281,1.318843,1.162002,1.178604,1.087657,1.063556,1.016170,1.059835,0.890741,0.924489,0.922686,0.828805,0.749750,0.764481,0.740706,0.788998,0.864496,0.811309,0.860363,0.865885,0.930606,0.888908,1.051176,1.050188,1.080781,1.159592,1.210032,1.192226,1.319163,1.218475,1.311616,1.247727,1.319298,1.309012,1.181376,1.292052,1.207168,1.073779,1.085075,1.032189,1.035825,0.921468,0.961791,0.853369,0.774245,0.824509,0.811518,0.731009,0.719887,0.750094,0.772056,0.905992,0.889347,0.858838,1.021893,1.003033,1.037255,1.024525,1.173058,1.217045,1.201540,1.239194,1.226709,1.209280,1.333291,1.231394,1.266390,1.255955,1.254210,1.153915,1.220921,1.037280,1.102523,0.947261,0.995081,0.846321,0.878973,0.903824,0.886658,0.727843,0.779102,0.834847,0.821540,0.814983,0.884010,0.915156,0.832329,0.905354,1.019591,1.091919,1.025116,1.154741,1.233066,1.144618,1.277070,1.271897,1.283348,1.333720,1.295636
1.298986,1.382594,1.365564,1.293475,1.257609,1.143970,1.153946,1.061062,1.129300,1.049074,1.037956,0.889194,0.850494,0.928803,0.780970,0.794403,0.773765,0.827738,0.864413,0.924607,0.854969,0.935888,1.015509,1.096534,1.136806,1.183865,1.183419,1.239605,1.308636,1.291280,1.266057,1.288021,1.293839,1.361251,1.284786,1.334611,1.274810,1.194622,1.166553,1.138703,1.070216,1.012169,0.977094,0.917749,0.978891,0.868936,0.849465,0.891442,0.840718,0.811306,0.807676,0.875247,0.924406,0.902075,1.033888,1.027012,1.075932,1.164196,1.214009,1.232259,1.248834,1.321557,1.374532,1.277231,1.296530,1.354918,1.404211,1.315659,1.300006,1.255619,1.299852,1.196874,1.191589,1.107195,1.092610,0.993830,0.969212,1.005511,0.847117,0.944672,0.918531,0.782282,0.920011,0.789268,0.810064,0.962509,0.954593,1.030657,1.004540,1.053872,1.116740,1.175151,1.178349,1.184637,1.195361,1.307586,1.278511,1.383995,1.358132,1.301007
1.396859,1.356321,1.297518,1.325124,1.331664,1.189154,1.213187,1.191341,1.113034,0.999783,1.050191,1.024142,0.976852,0.840460,0.849883,0.859141,0.830845,0.833091,0.971360,0.942035,0.979501,0.970834,1.007041,1.054619,1.136585,1.224865,1.267396,1.230911,1.268514,1.381041,1.327859,1.361085,1.375502,1.363931,1.343093,1.407495,1.318363,1.266119,1.313321,1.190431,1.095583,1.145007,0.988686,0.943394,0.917234,0.874954,0.865399,0.881385,0.950429,0.838666,0.850192,0.958594,0.912778,0.946185,0.985408,1.053255,1.106366,1.124833,1.130655,1.204103,1.214357,1.380906,1.292143,1.391028,1.333517,1.353342,1.438757,1.314040,1.301306,1.373752,1.306786,1.191107,1.205740,1.174437,1.179531,1.020952,1.042106,1.046153,0.931150,0.936730,0.895766,0.881353,0.835509,0.898931,0.972259,0.983963,0.948161,0.979101,1.054138,1.023962,1.165178,1.114426,1.234855,1.263231,1.247872,1.370699,1.369743,1.386199,1.337132,1.448626
1.391526,1.341016,1.327456,1.373169,1.363822,1.270239,1.254373,1.239005,1.130595,1.089061,1.073579,1.026108,0.946402,0.890142,0.941206,0.890906,0.897054,0.958419,0.996359,1.040874,0.951344,1.091244,1.045838,1.072723,1.233507,1.294507,1.264287,1.240727,1.327774,1.356542,1.323274,1.476067,1.382229,1.364116,1.442101,1.359361,1.322361,1.364832,1.299912,1.186586,1.173599,1.104387,1.117062,1.115438,1.026247,0.922319,0.948734,0.977569,0.946596,0.965743,0.973700,0.879712,1.031908,1.064607,1.044158,1.032780,1.165204,1.096770,1.183336,1.189399,1.247594,1.358271,1.379935,1.443118,1.429243,1.353324,1.393626,1.408855,1.437599,1.342368,1.265834,1.225147,1.223269,1.143504,1.131576,1.099088,1.012016,1.072388,0.898408,0.999297,0.958606,0.919371,0.987139,0.879413,0.982529,0.937652,1.003535,1.072496,1.065891,1.093148,1.173001,1.179925,1.306958,1.304616,1.322732,1.390467,1.454664,1.339371,1.347709,1.417386
1.382683,1.415436,1.444121,1.284490,1.294276,1.328363,1.258972,1.244539,1.132544,1.086404,1.053263,1.065767,0.961908,1.010565,0.896439,0.990539,0.881470,0.867927,0.946649,0.905089,1.047447,1.041595,1.130603,1.079645,1.258571,1.181181,1.202841,1.314765,1.388648,1.404896,1.448096,1.455191,1.498464,1.366535,1.336875,1.318443,1.394613,1.320350,1.308339,1.178098,1.183886,1.170584,1.090165,1.093274,0.998219,0.927368,0.967271,0.878867,0.927686,0.946173,0.968383,0.953377,0.935179,0.941781,0.989637,1.121914,1.126816,1.232172,1.212389,1.248040,1.316123,1.334478,1.351935,1.345573,1.355562,1.414015,1.406183,1.392465,1.378720,1.290898,1.270560,1.294596,1.260415,1.145395,1.204096,1.162311,1.112221,0.982647,0.919156,0.951654,0.930412,0.960760,0.913070,0.904132,0.939749,0.990955,0.951626,1.081394,1.069049,1.175065,1.244401,1.179095,1.249787,1.303223,1.321557,1.421010,1.403072,1.451034,1.490814,1.391347
1.438877,1.413887,1.400826,1.344016,1.334297,1.331166,1.237634,1.152938,1.129070,1.144128,0.992511,0.970305,0.900176,0.873964,0.967242,0.872895,0.924163,0.907912,0.946728,0.925970,1.048668,1.000037,1.099300,1.123401,1.145486,1.245516,1.330383,1.375886,1.306847,1.360992,1.382997,1.416133,1.486798,1.425414,1.442250,1.430469,1.417088,1.285242,1.232115,1.173792,1.200297,1.111302,1.045563,1.030992,1.001394,0.959219,1.018531,0.895713,0.863694,0.920549,0.882456,0.934314,0.903418,0.995159,0.997547,1.078292,1.129742,1.209543,1.174100,1.339205,1.293343,1.302199,1.335895,1.472320,1.344205,1.355741,1.379246,1.440802,1.391367,1.388604,1.245688,1.262786,1.163410,1.135526,1.112141,1.113238,1.070938,0.995171,0.957109,0.996418,0.913975,0.946295,0.974427,0.941261,0.995812,0.968261,0.965000,1.039258,1.039558,1.187961,1.134126,1.286995,1.301126,1.362471,1.408894,1.416978,1.338676,1.402896,1.426361,1.461946
1.332694,1.306336,1.341407,1.266814,1.301942,1.273697,1.186726,1.108361,1.126224,1.113777,1.048314,0.942365,0.932588,0.936466,0.894686,0.845680,0.860697,0.938973,0.949085,0.994932,0.976049,1.035409,1.039674,1.055268,1.126821,1.245955,1.229078,1.254550,1.288181,1.281857,1.376311,1.436587,1.470317,1.364007,1.314949,1.332330,1.286154,1.342019,1.229714,1.190084,1.140214,1.143826,1.083665,1.016653,1.010760,0.880122,0.984708,0.943831,0.844283,0.942885,0.971632,0.986261,0.901860,0.960297,0.984502,0.986827,1.081746,1.094249,1.206517,1.251176,1.240891,1.292691,1.328424,1.409833,1.458008,1.347379,1.353253,1.426725,1.334929,1.320383,1.340745,1.308006,1.281287,1.148794,1.143923,1.059478,0.972198,0.915884,0.962110,0.889395,0.952498,0.829741,0.914881,0.894646,0.971849,0.914445,0.917531,0.990322,1.061981,1.034848,1.152989,1.139850,1.206960,1.242918,1.389192,1.419107,1.415880,1.459481,1.344331,1.414136
1.318228,1.330829,1.352277,1.310289,1.303773,1.148516,1.139621,1.189567,1.011668,0.998025,0.948760,0.892213,0.953070,0.925788,0.925300,0.892803,0.911144,0.853110,0.814515,0.928219,0.932491,0.966635,1.049540,1.126388,1.134956,1.202316,1.189235,1.282926,1.262560,1.304926,1.397932,1.321263,1.292820,1.376454,1.357342,1.371778,1.263695,1.235485,1.166376,1.212318,1.145028,1.002521,0.971833,0.928037,0.882254,0.850164,0.876621,0.815654,0.879206,0.851675,0.880900,0.913520,0.849573,0.914213,0.913265,0.973752,1.093532,1.136587,1.148627,1.252767,1.296605,1.287159,1.290596,1.388136,1.359940,1.365443,1.379998,1.314686,1.317466,1.253542,1.290019,1.262585,1.135916,1.139224,1.038673,1.079196,0.980486,1.001024,0.938360,0.869672,0.904995,0.928165,0.799655,0.897201,0.828359,0.891845,0.899738,0.960427,1.078304,1.080109,1.157427,1.167536,1.165093,1.255128,1.278014,1.307320,1.348704,1.347238,1.351738,1.388508
1.252320,1.241806,1.193134,1.267833,1.214240,1.088995,1.180303,0.996488,0.958913,1.037103,1.006897,0.822080,0.817018,0.821053,0.788040,0.759547,0.848832,0.878955,0.777649,0.858856,0.923946,0.936890,0.946204,0.949993,1.018020,1.123561,1.214961,1.153161,1.248854,1.334928,1.307734,1.348907,1.290807,1.329848,1.346589,1.307522,1.260699,1.176272,1.100491,1.188600,1.068211,1.040030,1.000294,0.941873,0.868824,0.911920,0.804424,0.812306,0.788657,0.793087,0.775431,0.763423,0.895399,0.841174,0.896588,0.972357,1.058742,1.112896,1.114386,1.214921,1.176423,1.224243,1.191126,1.355230,1.346293,1.347068,1.252830,1.344139,1.203321,1.183107,1.233734,1.225233,1.123105,1.061850,1.006010,0.950829,0.922503,0.896926,0.889644,0.818385,0.756198,0.797757,0.751933,0.788239,0.803221,0.906724,0.866545,0.875017,0.898697,1.057377,1.100792,1.111589,1.090166,1.125575,1.288236,1.320058,1.290631,1.230616,1.281539,1.349866
1.270994,1.253696,1.239903,1.235857,1.193975,1.022759,1.072509,1.071007,0.888323,0.978976,0.796188,0.766645,0.843664,0.790868,0.701298,0.794083,0.682706,0.762923,0.763117,0.730577,0.792600,0.816616,0.928861,0.973914,1.019066,1.094853,1.096604,1.174055,1.141798,1.240178,1.195778,1.302858,1.258597,1.187689,1.211392,1.142230,1.201992,1.131797,1.043954,0.987292,1.004170,0.928166,0.918643,0.836060,0.813237,0.725502,0.745404,0.813681,0.687349,0.725869,0.824678,0.744964,0.840285,0.784324,0.829640,0.833133,1.023402,1.071603,1.119702,1.072231,1.153841,1.138748,1.205551,1.271538,1.295309,1.299874,1.204238,1.264743,1.178483,1.201210,1.106014,1.175838,1.022892,1.029613,1.029230,0.922039,0.943381,0.831701,0.813041,0.796720,0.684671,0.806535,0.729424,0.780537,0.714871,0.787912,0.873626,0.915005,0.862289,0.987362,0.958135,1.084070,1.096111,1.174952,1.140832,1.189452,1.186552,1.189872,1.173042,1.185855
1.184614,1.104628,1.071655,1.031479,1.020052,1.084854,1.010557,0.862580,0.934642,0.862292,0.760251,0.713299,0.725526,0.652849,0.741404,0.611672,0.608037,0.678248,0.684663,0.782506,0.745026,0.730895,0.819419,0.954220,0.896938,0.917590,1.010755,1.048787,1.112059,1.104852,1.132545,1.119304,1.127510,1.108869,1.164288,1.163738,1.090066,1.121029,1.016320,0.964309,0.890077,0.941824,0.876766,0.731578,0.831219,0.758967,0.678956,0.713545,0.624471,0.739241,0.648191,0.750433,0.783932,0.795416,0.740159,0.904709,0.855682,0.982186,1.024323,1.020114,1.077952,1.119938,1.198326,1.169035,1.109582,1.152137,1.204902,1.146688,1.186572,1.073752,1.073108,1.074433,0.983608,0.932912,0.877556,0.887613,0.820831,0.805578,0.749895,0.650651,0.708722,0.614520,0.675749,0.652020,0.753525,0.646705,0.805149,0.722497,0.891283,0.807908,0.987618,0.986037,0.976997,0.989048,1.165845,1.097574,1.182606,1.113353,1.184116,1.157022
1.149567,1.090243,0.998653,1.028103,1.025229,0.932584,0.968035,0.931465,0.824461,0.700667,0.654305,0.750208,0.621944,0.594453,0.633455,0.614483,0.543243,0.657814,0.593715,0.622116,0.651072,0.717743,0.796036,0.821827,0.889718,0.924387,0.952078,1.039489,1.062673,1.079258,1.115650,1.122651,1.061853,1.088957,1.050305,1.047253,0.997468,1.059293,0.970084,0.906057,0.853992,0.806292,0.706301,0.682631,0.719348,0.703261,0.675770,0.550618,0.542227,0.546475,0.553296,0.613105,0.703922,0.743542,0.721782,0.800471,0.786785,0.900816,0.931560,0.923964,1.030715,0.960761,1.100458,1.092574,1.049926,1.026841,1.088716,1.154509,1.097316,1.074844,0.950418,0.983194,0.972996,0.793975,0.802136,0.795431,0.779083,0.628370,0.707244,0.661388,0.567726,0.640840,0.590500,0.630683,0.550988,0.583193,0.709535,0.694274,0.729119,0.771845,0.860146,0.922505,0.994313,1.032833,1.032330,1.019308,1.136485,1.154604,1.023342,1.072212
0.960767,0.972429,1.011235,0.920824,0.959347,0.875959,0.757812,0.819215,0.762883,0.746082,0.707707,0.619221,0.539243,0.601403,0.521992,0.500000,0.525835,0.500000,0.595195,0.547411,0.624099,0.664695,0.689653,0.739478,0.736213,0.898905,0.911929,0.932251,0.879358,1.045287,0.964868,1.057468,0.998415,0.952910,1.042851,0.953526,0.920833,0.958866,0.939251,0.788210,0.765979,0.665002,0.658190,0.590148,0.585145,0.574766,0.562404,0.525357,0.500000,0.500000,0.583610,0.535009,0.597878,0.672006,0.709508,0.658807,0.745870,0.711891,0.886989,0.851914,0.955856,0.981940,0.998184,0.968366,1.069799,1.053036,1.085829,0.942388,0.960547,0.976589,0.939125,0.912227,0.810469,0.742390,0.707486,0.653644,0.694994,0.633945,0.634544,0.516818,0.500000,0.545853,0.588094,0.529775,0.579571,0.619963,0.540869,0.681540,0.693008,0.651131,0.774533,0.823574,0.798045,0.958489,0.886446,0.982358,1.019758,1.072045,1.035335,1.070356
0.937921,1.002323,0.879004,0.932933,0.894430,0.739412,0.771259,0.757646,0.666700,0.578049,0.556087,0.534446,0.567791,0.526067,0.500000,0.500000,0.500000,0.500000,0.500000,0.500000,0.500000,0.541466,0.587012,0.706826,0.727765,0.818119,0.846614,0.768629,0.848662,0.919051,0.949863,0.921107,0.972337,0.880356,0.854991,0.894841,0.925532,0.880314,0.855230,0.769568,0.724440,0.681206,0.558500,0.584967,0.602071,0.542117,0.500000,0.500000,0.500000,0.500000,0.500000,0.500000,0.500000,0.550440,0.516963,0.652776,0.606171,0.679816,0.682652,0.782830,0.865810,0.907266,0.968262,0.976800,0.963119,0.887434,0.870516,0.953339,0.932088,0.818458,0.802648,0.856430,0.807679,0.642073,0.724257,0.670973,0.531423,0.562646,0.529358,0.500000,0.500000,0.500000,0.500000,0.500000,0.500000,0.500000,0.551782,0.599767,0.652956,0.698458,0.678404,0.708894,0.770360,0.888013,0.884444,0.844619,0.894934,0.865918,0.984726,0.901588
0.899360,0.911138,0.846726,0.878898,0.845555,0.751864,0.736228,0.633707,0.561613,0.613808,0.517921,0.500000,0.500000,0.500000,0.500000,0.500000,0.500000,0.500000,0.500000,0.500000,0.500000,0.500000,0.500000,0.636348,0.661620,0.651895,0.773203,0.716914,0.796605,0.847243,0.884794,0.800472,0.880589,0.896277,0.888684,0.882196,0.747919,0.798434,0.783273,0.673999,0.627621,0.573113,0.608514,0.553011,0.500000,0.500000,0.500000,0.500000,0.500000,0.500000,0.500000,0.500000,0.500000,0.500000,0.532970,0.507441,0.646006,0.600245,0.705831,0.735850,0.799266,0.838394,0.832704,0.843607,0.934072,0.858389,0.922636,0.833717,0.883458,0.836907,0.749809,0.761977,0.699752,0.623528,0.560491,0.625440,0.500000,0.543402,0.500000,0.500000,0.500000,0.500000,0.500000,0.500000,0.500000,0.500000,0.500000,0.500000,0.573352,0.609807,0.635078,0.714811,0.784371,0.710514,0.832040,0.863466,0.883318,0.903983,0.863728,0.917179
0.780275,0.766251,0.757500,0.807871,0.672281,0.723257,0.622098,0.528646,0.500000,0.513076,0.500000,0.500000,0.500000,0.500000,0.500000,0.500000,0.500000,0.500000,0.500000,0.500000,0.500000,0.500000,0.500000,0.592472,0.558251,0.551825,0.643071,0.768286,0.821287,0.717949,0.740876,0.870499,0.784808,0.741374,0.866201,0.713323,0.702391,0.645237,0.608966,0.701873,0.640145,0.597818,0.536104,0.505326,0.500000,0.500000,0.500000,0.500000,0.500000,0.500000,0.500000,0.500000,0.500000,0.500000,0.500000,0.500000,0.556975,0.524482,0.671263,0.667113,0.760212,0.779208,0.710221,0.754969,0.785632,0.813306,0.810564,0.808217,0.775019,0.771973,0.655399,0.636887,0.646993,0.578483,0.527040,0.500000,0.500000,0.500000,0.500000,0.500000,0.500000,0.500000,0.500000,0.500000,0.500000,0.500000,0.500000,0.500000,0.519371,0.503473,0.563958,0.690424,0.716326,0.773528,0.733633,0.710603,0.765278,0.833767,0.844843,0.799002
0.807411,0.713600,0.685039,0.715259,0.610351,0.656481,0.626279,0.505439,0.537770,0.500000,0.500000,0.500000,0.500000,0.500000,0.500000,0.500000,0.500000,0.500000,0.500000,0.500000,0.500000,0.500000,0.500000,0.500000,0.500000,0.637936,0.572778,0.659519,0.655984,0.750564,0.762142,0.820574,0.847976,0.697408,0.826751,0.762101,0.662914,0.670684,0.647799,0.605535,0.566549,0.544792,0.500000,0.500000,0.500000,0.500000,0.500000,0.500000,0.500000,0.500000,0.500000,0.500000,0.500000,0.500000,0.500000,0.500000,0.552546,0.500000,0.642558,0.583421,0.619935,0.691164,0.763288,0.698374,0.703668,0.799107,0.779801,0.748988,0.682128,0.783360,0.629824,0.600760,0.576433,0.607025,0.500000,0.500000,0.500000,0.500000,0.500000,0.500000,0.500000,0.500000,0.500000,0.500000,0.500000,0.500000,0.500000,0.500000,0.500000,0.500000,0.536379,0.610299,0.687582,0.616593,0.763925,0.719822,0.822234,0.765321,0.764092,0.785198
0.739708,0.780687,0.725446,0.627980,0.710478,0.614070,0.599690,0.578792,0.529676,0.500000,0.500000,0.500000,0.500000,0.500000,0.500000,0.500000,0.500000,0.500000,0.500000,0.500000,0.500000,0.500000,0.500000,0.500000,0.500000,0.548309,0.658539,0.595161,0.604499,0.753022,0.720949,0.738636,0.734338,0.783637,0.677363,0.735535,0.703205,0.569846,0.611528,0.561138,0.500000,0.500000,0.500000,0.500000,0.500000,0.500000,0.500000,0.500000,0.500000,0.500000,0.500000,0.500000,0.500000,0.500000,0.500000,0.500000,0.500000,0.500000,0.532754,0.631285,0.656149,0.722143,0.678533,0.681974,0.785974,0.683649,0.774972,0.665568,0.665940,0.653986,0.597746,0.554057,0.614392,0.500000,0.534109,0.500000,0.500000,0.500000,0.500000,0.500000,0.500000,0.500000,0.500000,0.500000,0.500000,0.500000,0.500000,0.500000,0.500000,0.500000,0.500000,0.597860,0.642957,0.593889,0.600844,0.743490,0.789621,0.774160,0.801142,0.729300
0.673932,0.747451,0.684522,0.641825,0.680292,0.509174,0.559148,0.500000,0.500000,0.500000,0.500000,0.500000,0.500000,0.500000,0.500000,0.500000,0.500000,0.500000,0.500000,0.500000,0.500000,0.500000,0.500000,0.505436,0.501876,0.552703,0.614339,0.668008,0.637904,0.687827,0.768277,0.750745,0.729054,0.760915,0.760243,0.674780,0.636621,0.662794,0.642926,0.521679,0.555388,0.500000,0.500000,0.500000,0.500000,0.500000,0.500000,0.500000,0.500000,0.500000,0.500000,0.500000,0.500000,0.500000,0.500000,0.500000,0.500000,0.519400,0.575235,0.533235,0.688316,0.642096,0.624199,0.640805,0.730124,0.733954,0.783616,0.640168,0.674798,0.634086,0.610957,0.537311,0.500000,0.500000,0.500000,0.500000,0.500000,0.500000,0.500000,0.500000,0.500000,0.500000,0.500000,0.500000,0.500000,0.500000,0.500000,0.500000,0.500000,0.500000,0.500000,0.504393,0.544464,0.611040,0.652167,0.686637,0.642151,0.769552,0.720912,0.765388
0.696189,0.654916,0.749577,0.716855,0.687032,0.570168,0.542152,0.544450,0.500000,0.500000,0.500000,0.500000,0.500000,0.500000,0.500000,0.500000,0.500000,0.500000,0.500000,0.500000,0.500000,0.500000,0.500000,0.500000,0.500000,0.547086,0.604769,0.657352,0.681447,0.721352,0.719571,0.686743,0.753357,0.680133,0.739226,0.641671,0.645724,0.580887,0.575592,0.543224,0.500000,0.500000,0.500000,0.500000,0.500000,0.500000,0.500000,0.500000,0.500000,0.500000,0.500000,0.500000,0.500000,0.500000,0.500000,0.500000,0.500000,0.520197,0.574756,0.511401,0.595363,0.589228,0.751569,0.748532,0.750863,0.704752,0.668045,0.785327,0.698621,0.683835,0.603338,0.645304,0.517452,0.500000,0.500000,0.500000,0.500000,0.500000,0.500000,0.500000,0.500000,0.500000,0.500000,0.500000,0.500000,0.500000,0.500000,0.500000,0.500000,0.500000,0.500000,0.594189,0.574023,0.659101,0.668929,0.635392,0.777007,0.748434,0.756608,0.791834
0.784118,0.763852,0.654710,0.718922,0.682198,0.537766,0.500000,0.500000,0.500000,0.500000,0.500000,0.500000,0.500000,0.500000,0.500000,0.500000,0.500000,0.500000,0.500000,0.500000,0.500000,0.500000,0.500000,0.500000,0.572899,0.591389,0.641830,0.569735,0.652157,0.693473,0.669748,0.670118,0.762471,0.741564,0.765491,0.751904,0.732670,0.710098,0.537717,0.538199,0.567642,0.500000,0.500000,0.500000,0.500000,0.500000,0.500000,0.500000,0.500000,0.500000,0.500000,0.500000,0.500000,0.500000,0.500000,0.500000,0.500000,0.527242,0.500000,0.661165,0.571235,0.730609,0.747675,0.718360,0.746697,0.808158,0.746628,0.758100,0.727360,0.656944,0.645488,0.610626,0.607219,0.500000,0.500000,0.500000,0.500000,0.500000,0.500000,0.500000,0.500000,0.500000,0.500000,0.500000,0.500000,0.500000,0.500000,0.500000,0.500000,0.500000,0.531473,0.500000,0.545548,0.666438,0.666580,0.748935,0.697054,0.710118,0.746704,0.680869
0.830775,0.797723,0.685845,0.682270,0.655240,0.692713,0.641618,0.543124,0.500000,0.517688,0.500000,0.500000,0.500000,0.500000,0.500000,0.500000,0.500000,0.500000,0.500000,0.500000,0.500000,0.500000,0.500000,0.500000,0.503974,0.577980,0.580356,0.676957,0.681666,0.786989,0.751057,0.762334,0.767215,0.741149,0.807476,0.790372,0.704929,0.668774,0.648189,0.626157,0.595371,0.500000,0.500000,0.500000,0.500000,0.500000,0.500000,0.500000,0.500000,0.500000,0.500000,0.500000,0.500000,0.500000,0.500000,0.500000,0.500000,0.500000,0.553961,0.615175,0.635240,0.670933,0.704128,0.696458,0.776528,0.782360,0.848094,0.776862,0.785441,0.681896,0.723551,0.575085,0.588797,0.564399,0.500000,0.500000,0.500000,0.500000,0.500000,0.500000,0.500000,0.500000,0.500000,0.500000,0.500000,0.500000,0.500000,0.500000,0.500000,0.517770,0.500000,0.601553,0.575758,0.606500,0.769933,0.791351,0.774836,0.791398,0.838152,0.770576
0.819542,0.755862,0.776219,0.759725,0.711396,0.631032,0.638818,0.603507,0.500000,0.500000,0.500000,0.500000,0.500000,0.500000,0.500000,0.500000,0.500000,0.500000,0.500000,0.500000,0.500000,0.500000,0.536793,0.597949,0.586135,0.673158,0.629247,0.750772,0.724931,0.798249,0.834739,0.878785,0.866022,0.818998,0.771860,0.723207,0.736351,0.703593,0.700008,0.573676,0.548935,0.500000,0.501111,0.500000,0.500000,0.500000,0.500000,0.500000,0.500000,0.500000,0.500000,0.500000,0.500000,0.500000,0.500000,0.518631,0.552571,0.538143,0.676609,0.670176,0.717774,0.802676,0.841707,0.775561,0.890504,0.753851,0.841903,0.853305,0.727144,0.791408,0.750907,0.726157,0.605515,0.540957,0.550925,0.508872,0.511363,0.500000,0.500000,0.500000,0.500000,0.500000,0.500000,0.500000,0.500000,0.500000,0.500000,0.500000,0.500000,0.554857,0.539011,0.591837,0.604236,0.646541,0.710193,0.841622,0.848947,0.845949,0.835027,0.899948
0.929921,0.914257,0.914630,0.873229,0.749004,0.802378,0.701626,0.620337,0.614237,0.569188,0.578627,0.516510,0.500000,0.500000,0.500000,0.500000,0.500000,0.500000,0.500000,0.500000,0.500000,0.538270,0.500000,0.650708,0.611438,0.658520,0.745482,0.793025,0.863860,0.862157,0.931874,0.935063,0.862205,0.894263,0.851619,0.854824,0.761349,0.773559,0.689811,0.740975,0.722172,0.639864,0.597145,0.506962,0.500000,0.500000,0.500000,0.500000,0.500000,0.500000,0.500000,0.500000,0.500000,0.500000,0.500000,0.511746,0.527405,0.590748,0.625316,0.686009,0.737876,0.830085,0.772256,0.935513,0.884811,0.894185,0.844362,0.823480,0.883096,0.824241,0.772688,0.689127,0.658655,0.665759,0.616184,0.514990,0.517200,0.500000,0.500000,0.500000,0.500000,0.500000,0.500000,0.500000,0.500000,0.500000,0.500000,0.542535,0.622203,0.605834,0.694694,0.735725,0.786601,0.799020,0.781782,0.836549,0.817428,0.885746,0.855957,0.956414
0.996830,0.942383,0.877626,0.928372,0.884043,0.755324,0.723796,0.756843,0.741805,0.666669,0.644309,0.506471,0.523439,0.524012,0.537919,0.500000,0.500000,0.541145,0.500000,0.500000,0.613052,0.580833,0.639404,0.715688,0.696035,0.813220,0.794800,0.814092,0.815426,0.916093,0.870424,0.978470,0.971454,0.919117,1.013465,0.966692,0.919857,0.857677,0.883340,0.833436,0.779651,0.649467,0.657314,0.552760,0.500000,0.585627,0.530047,0.522330,0.509716,0.500000,0.532092,0.521907,0.545316,0.607629,0.586363,0.613146,0.712786,0.691619,0.753272,0.807624,0.777090,0.918360,0.888567,0.951214,1.017836,0.908268,0.913960,0.937649,0.995471,0.826795,0.841615,0.833630,0.789330,0.770687,0.656029,0.626511,0.640486,0.507749,0.538046,0.538560,0.500000,0.500000,0.505322,0.527314,0.500000,0.500000,0.579031,0.547952,0.598941,0.736077,0.710298,0.735167,0.860203,0.793831,0.813333,0.972618,0.948043,0.975848,1.015005,1.018624
0.980892,1.055290,1.052752,0.912232,0.984228,0.891358,0.780968,0.836877,0.729002,0.774583,0.699167,0.563241,0.617670,0.577774,0.557132,0.500000,0.542113,0.520813,0.579406,0.615848,0.596513,0.672187,0.677996,0.804551,0.838796,0.772069,0.847091,0.871170,0.996528,1.048379,1.014315,1.010630,1.097024,0.962851,0.980503,1.067652,1.022812,0.917359,0.904819,0.891525,0.860580,0.677901,0.688608,0.661055,0.673997,0.532044,0.524518,0.536348,0.579278,0.500000,0.545411,0.534718,0.574415,0.553141,0.668813,0.697287,0.759357,0.844113,0.831493,0.807267,0.984340,0.967940,1.049270,0.996889,1.035063,1.057020,1.030440,0.999329,1.019066,1.014853,0.879322,0.826160,0.867539,0.765957,0.706126,0.684268,0.662988,0.588728,0.607692,0.533776,0.538631,0.590278,0.590469,0.518769,0.507714,0.560417,0.659704,0.613676,0.759445,0.721968,0.739748,0.814426,0.949452,0.875580,1.021022,0.968768,1.072715,1.077152,0.959153,1.045445
1.134324,1.140619,1.143218,1.054088,0.931800,0.917028,0.980941,0.921024,0.811407,0.806532,0.712564,0.718745,0.668276,0.573974,0.601681,0.606271,0.645041,0.665680,0.578164,0.687655,0.741191,0.675974,0.808554,0.832119,0.862572,0.917997,0.975828,0.991440,1.032814,1.117690,1.146377,1.062681,1.164607,1.145069,1.026605,1.133434,1.052236,0.969815,0.953645,0.892603,0.806005,0.835078,0.728401,0.694418,0.703621,0.731432,0.629473,0.619549,0.674268,0.661576,0.681702,0.672612,0.645349,0.753240,0.681479,0.829208,0.760418,0.795310,0.896982,0.944844,1.018933,1.042100,1.069225,1.118687,1.102141,1.162641,1.150266,1.029201,1.097242,1.068505,1.040212,1.037571,0.874071,0.843445,0.781564,0.792935,0.806895,0.670739,0.734984,0.565700,0.611546,0.650616,0.534532,0.570204,0.572665,0.707954,0.740271,0.703687,0.806459,0.750172,0.914213,0.869531,0.937838,0.995909,1.043423,1.022644,1.122976,1.064668,1.081262,1.034876
1.216326,1.150371,1.134700,1.143600,1.133096,1.050974,1.035180,0.955975,0.964854,0.877507,0.777315,0.744459,0.712516,0.766651,0.720520,0.740353,0.721065,0.670554,0.735650,0.779787,0.734184,0.862407,0.830384,0.881757,0.885057,0.920652,1.099408,1.123186,1.075729,1.100270,1.210191,1.144819,1.215732,1.174565,1.176905,1.115477,1.146411,1.133456,1.034331,0.932792,0.928715,0.910813,0.854467,0.847841,0.818928,0.781154,0.696113,0.712025,0.639606,0.704303,0.630069,0.644579,0.659431,0.693223,0.778160,0.897704,0.916445,0.977426,0.937542,1.050154,1.003404,1.134003,1.086623,1.195440,1.189866,1.169923,1.146578,1.219563,1.095654,1.125595,1.014968,1.096770,1.064604,0.889142,0.951983,0.924584,0.768063,0.713118,0.732630,0.666352,0.637421,0.651576,0.619304,0.709193,0.671666,0.672930,0.746212,0.865624,0.878826,0.843406,0.882417,0.992831,1.035756,1.116306,1.155249,1.178163,1.145114,1.111537,1.130240,1.154110
1.223320,1.177061,1.162570,1.220702,1.184180,1.139645,1.048575,1.054159,0.921397,0.872739,0.809465,0.837946,0.875881,0.723790,0.751358,0.712268,0.702116,0.788562,0.715973,0.856401,0.834216,0.924935,0.965502,0.908501,0.955807,1.015896,1.037928,1.180812,1.161396,1.221949,1.246232,1.256950,1.307464,1.317866,1.303873,1.156374,1.249352,1.140909,1.085396,1.006396,1.003608,0.943940,0.929107,0.826131,0.814301,0.794264,0.753471,0.692314,0.776810,0.727034,0.778471,0.711731,0.771234,0.788323,0.855897,0.908244,0.970497,1.079902,1.012980,1.090930,1.114696,1.197019,1.205870,1.209885,1.191277,1.291820,1.324247,1.239676,1.242893,1.261069,1.198101,1.068682,1.001183,0.955958,1.038934,0.870028,0.867508,0.793776,0.747564,0.831479,0.823671,0.707081,0.829079,0.715994,0.844529,0.783209,0.859686,0.899736,0.839476,0.916040,0.992646,0.984681,1.067569,1.212012,1.122741,1.262302,1.257617,1.321311,1.260213,1.274136
1.303082,1.293448,1.292591,1.175826,1.285121,1.212193,1.153922,1.127157,1.076589,1.033819,0.910519,0.911457,0.906762,0.848767,0.803496,0.754289,0.885001,0.859770,0.873779,0.882388,0.841408,0.985280,0.972819,0.989982,1.077754,1.083584,1.161832,1.177140,1.306365,1.311810,1.365303,1.316905,1.307344,1.268378,1.370688,1.211087,1.174593,1.229416,1.209861,1.104497,1.106844,0.985576,0.923151,0.896157,0.930934,0.912801,0.838705,0.756237,0.761785,0.858327,0.836686,0.816978,0.844328,0.879086,0.997737,0.993747,1.027758,1.126360,1.102771,1.205656,1.141157,1.279431,1.260415,1.359851,1.279745,1.352066,1.300427,1.251706,1.235483,1.241308,1.248335,1.226115,1.174312,1.066926,1.044916,0.997204,0.977319,0.911494,0.891330,0.830172,0.817259,0.806691,0.826187,0.837937,0.872989,0.858210,0.912260,0.875102,0.981572,1.000522,1.070203,1.116745,1.137808,1.222441,1.296021,1.343594,1.229728,1.263085,1.247779,1.379137
1.417632,1.324205,1.320081,1.278134,1.221087,1.211404,1.214235,1.167665,1.126684,0.972150,1.025540,0.934156,0.853907,0.879802,0.872927,0.926500,0.871699,0.810000,0.843324,0.865646,0.903586,1.044598,0.961138,1.025188,1.105541,1.173363,1.178920,1.218583,1.288941,1.373848,1.276977,1.287008,1.355887,1.313821,1.403064,1.389671,1.246377,1.312310,1.244111,1.213001,1.124792,1.020924,1.054412,0.938553,1.006366,0.993927,0.863776,0.834406,0.883695,0.842915,0.943115,0.898973,0.896352,1.007597,1.052040,1.028792,1.133968,1.160446,1.227874,1.249769,1.223990,1.351694,1.301907,1.400741,1.387772,1.351799,1.407946,1.351038,1.365224,1.273927,1.242286,1.281375,1.169099,1.117515,1.099821,1.114210,1.037096,1.015311,0.995361,0.940770,0.896341,0.881549,0.821916,0.945641,0.878102,0.885479,0.936286,0.964285,1.059986,1.002939,1.089158,1.168595,1.165055,1.278081,1.333486,1.364265,1.318250,1.315722,1.360836,1.412503
1.407796,1.336811,1.401648,1.283169,1.346121,1.223669,1.179809,1.100719,1.171783,1.073103,1.049017,0.947646,0.990030,0.925806,0.898753,0.910869,0.907632,0.928017,0.942661,0.992122,1.048741,1.043417,1.000960,1.075791,1.179148,1.250226,1.193468,1.225643,1.360669,1.412208,1.432739,1.458877,1.344460,1.406042,1.367329,1.358448,1.336517,1.358819,1.303232,1.153910,1.138725,1.104749,1.131179,1.079121,0.984263,0.956643,1.003774,0.944768,0.887711,0.894832,0.877567,0.882539,0.905411,1.041457,0.949498,1.015050,1.041138,1.204114,1.219102,1.228266,1.335138,1.291113,1.351556,1.327241,1.399256,1.331074,1.362978,1.453458,1.369611,1.384596,1.360711,1.244448,1.251327,1.223979,1.104069,1.027803,1.079114,1.028004,0.902588,0.907504,0.856068,0.883716,0.878663,0.908817,0.948531,0.893394,1.027272,0.987212,1.046433,1.043063,1.199487,1.221148,1.242929,1.348020,1.320268,1.351960,1.400267,1.408860,1.384123,1.467506
1.342590,1.337531,1.409950,1.309761,1.365378,1.346720,1.267973,1.255487,1.160540,1.137162,1.116119,0.947271,0.954208,0.997226,0.860419,0.927384,0.954779,0.946597,0.946474,1.017484,1.061860,1.077464,1.084873,1.194125,1.109653,1.283291,1.325641,1.382718,1.320570,1.414445,1.352617,1.490038,1.374108,1.373336,1.396364,1.362533,1.312665,1.362764,1.309417,1.181677,1.168301,1.086137,1.164528,0.990422,1.052017,0.964437,0.970025,0.929080,0.890917,0.971531,0.934719,0.982520,1.015973,0.934476,1.096312,1.092561,1.184808,1.141098,1.296419,1.266740,1.369123,1.395183,1.346154,1.473388,1.453207,1.469703,1.439805,1.465157,1.390942,1.393233,1.302575,1.230135,1.263906,1.172642,1.158356,1.135900,1.074682,1.005846,0.972187,0.902273,0.890230,0.863036,0.849142,1.001636,1.007832,0.900746,0.944362,1.079488,1.089918,1.160946,1.150131,1.257041,1.200614,1.346176,1.376902,1.425735,1.382207,1.359441,1.395427,1.381620
1.458971,1.386619,1.445419,1.369154,1.363726,1.229326,1.181636,1.244247,1.183840,1.117043,1.119813,1.049168,1.047180,0.920254,0.872792,0.905259,0.977629,0.900018,0.893332,0.941157,0.945248,1.030749,1.103228,1.135965,1.234485,1.282666,1.201047,1.267483,1.364960,1.445882,1.430457,1.424400,1.470795,1.381235,1.386022,1.313209,1.403279,1.263620,1.345738,1.169295,1.226165,1.098306,1.053610,1.069109,1.022683,1.036559,0.976208,0.879353,0.969296,0.983363,0.912688,0.907296,0.940783,1.064699,1.086407,1.023055,1.185136,1.247235,1.282659,1.256649,1.344111,1.380970,1.425070,1.336079,1.404314,1.375169,1.463933,1.339579,1.356858,1.432351,1.345436,1.246872,1.180971,1.262691,1.147877,1.095162,1.100683,0.981610,0.956870,0.970691,0.936600,0.997621,0.895805,0.934477,0.974664,1.013136,1.067969,0.979357,1.139737,1.178485,1.245148,1.289270,1.240611,1.257855,1.405688,1.324465,1.350551,1.443297,1.442429,1.449095
1.362107,1.354825,1.299597,1.377113,1.272866,1.192329,1.198163,1.225173,1.148839,1.052066,1.064427,0.945213,0.967342,0.882358,0.960894,0.866604,0.903352,0.857200,0.972603,0.955003,1.014467,1.081153,1.135950,1.164980,1.202271,1.250327,1.259060,1.261006,1.398084,1.386369,1.356452,1.471727,1.484652,1.443138,1.432838,1.318968,1.316392,1.296117,1.280466,1.246305,1.247472,1.069035,1.105650,1.014171,1.018982,0.927660,0.967944,0.872195,0.934595,0.866918,0.938152,0.952332,1.005860,1.021835,1.047199,1.037740,1.164333,1.187873,1.151487,1.199039,1.267339,1.293626,1.435523,1.407717,1.475356,1.438297,1.420580,1.448001,1.314329,1.300516,1.360974,1.214928,1.215843,1.252342,1.093900,1.061902,1.053895,1.022361,0.911843,0.890838,0.962197,0.985820,0.838034,0.850428,0.907912,1.005034,1.042764,0.961310,1.005945,1.190532,1.233951,1.215371,1.278778,1.251571,1.390714,1.353889,1.456609,1.461771,1.443328,1.426667
1.413116,1.380974,1.292599,1.382265,1.305647,1.295169,1.192630,1.170216,1.030901,1.023098,1.003451,1.034876,0.921057,0.846241,0.938023,0.808953,0.943091,0.886156,0.982881,0.930187,1.037256,0.957350,1.012647,1.019196,1.082293,1.151745,1.234569,1.245389,1.253432,1.298738,1.356273,1.369061,1.345077,1.407329,1.299232,1.379007,1.373256,1.336840,1.277181,1.133041,1.211805,1.116856,1.127148,1.055668,0.950399,0.942211,0.865776,0.895527,0.932895,0.894692,0.833505,0.832811,0.928352,0.977208,0.972247,1.092927,1.145376,1.180880,1.152925,1.164046,1.222196,1.292636,1.281639,1.388991,1.368244,1.450010,1.378364,1.368172,1.310586,1.373692,1.352090,1.281373,1.220246,1.215314,1.097875,1.016413,1.061589,0.997749,0.961530,0.927250,0.965198,0.888901,0.846313,0.821181,0.958931,0.924932,0.910514,0.982736,1.092166,1.125826,1.117618,1.125015,1.251381,1.324001,1.253226,1.321346,1.297084,1.363510,1.374800,1.422322
1.280197,1.357671,1.302306,1.301106,1.164872,1.246648,1.109309,1.158730,1.109346,0.953102,0.913851,0.964569,0.828961,0.838292,0.920149,0.906858,0.878991,0.791469,0.867602,0.931665,0.920214,1.029181,1.061679,1.077872,1.120651,1.085423,1.191003,1.156028,1.232343,1.355884,1.324006,1.349548,1.280048,1.351767,1.274966,1.302671,1.234104,1.238357,1.193189,1.202321,1.070811,1.037312,1.064712,1.012560,0.899992,0.956545,0.818090,0.823381,0.851924,0.817097,0.882945,0.867864,0.951954,0.910146,0.900142,0.932474,1.061548,1.031727,1.120464,1.131328,1.178485,1.259513,1.358170,1.242771,1.324468,1.314857,1.298168,1.277542,1.368152,1.206772,1.252772,1.123572,1.145539,1.041210,1.082673,1.047407,0.899907,0.998444,0.834285,0.871425,0.912994,0.774756,0.791396,0.877852,0.825520,0.839286,0.880788,0.903146,0.987686,1.113544,1.151475,1.174219,1.235593,1.188592,1.266890,1.304743,1.363591,1.311400,1.268398,1.326668
1.320217,1.269254,1.315138,1.261979,1.204773,1.072817,1.062161,0.971570,1.043442,0.959718,0.930799,0.851276,0.830158,0.766124,0.835780,0.741118,0.731535,0.732294,0.764554,0.830388,0.937615,0.846538,0.954569,0.990052,1.034542,1.077676,1.122870,1.170583,1.165524,1.270739,1.271187,1.201274,1.236640,1.202526,1.203381,1.217689,1.251608,1.193072,1.173193,1.041355,1.082918,1.002509,0.883093,0.892006,0.805218,0.907439,0.874355,0.770437,0.821600,0.736113,0.822816,0.747017,0.841689,0.835165,0.872153,0.916314,1.013095,1.034766,1.091668,1.129053,1.113931,1.175529,1.242338,1.244812,1.241857,1.319005,1.284351,1.224483,1.246995,1.196819,1.173816,1.111999,1.162221,1.069844,0.982190,0.994438,0.836770,0.817919,0.826632,0.823511,0.820762,0.853742,0.812519,0.717905,0.866872,0.788913,0.848239,0.883295,0.900078,1.016363,1.039533,1.079334,1.053927,1.160705,1.207587,1.284457,1.187999,1.344142,1.311245,1.270877
1.141219,1.182800,1.157703,1.126877,1.086360,1.048835,1.079241,0.919104,0.937804,0.927385,0.905511,0.818233,0.758618,0.698106,0.784007,0.757376,0.673807,0.673860,0.704138,0.718591,0.728536,0.904483,0.804986,0.853508,0.897536,1.059818,1.053593,1.086418,1.194246,1.170442,1.176469,1.260614,1.260609,1.256027,1.257881,1.134095,1.188180,1.150437,1.016792,0.982857,1.036710,0.895781,0.894307,0.880905,0.877012,0.821915,0.770038,0.688559,0.731859,0.642835,0.717289,0.782282,0.709142,0.824460,0.891570,0.839363,0.956328,0.902166,0.969232,1.046267,1.063592,1.202541,1.217016,1.136279,1.162955,1.262089,1.139957,1.142448,1.124836,1.148426,1.136701,1.136929,1.101739,0.935617,0.944390,0.872181,0.863465,0.764068,0.727074,0.788013,0.752051,0.718201,0.691864,0.739653,0.695481,0.719165,0.743061,0.774039,0.896077,0.945819,0.998903,0.978689,1.099197,1.164155,1.199614,1.103774,1.156278,1.171161,1.138867,1.224176
1.071796,1.099395,1.115251,1.081164,0.973075,0.925185,0.957263,0.950042,0.781285,0.807289,0.804942,0.725997,0.680690,0.695743,0.654117,0.603603,0.603635,0.600574,0.706675,0.723538,0.712429,0.704660,0.751634,0.814983,0.872375,0.994431,1.029226,0.962643,1.101355,1.032688,1.049912,1.101140,1.155940,1.179035,1.188274,1.089500,1.025943,1.072219,1.037236,0.925302,0.916977,0.831544,0.795245,0.823597,0.703461,0.708426,0.712791,0.652898,0.623622,0.613834,0.683295,0.726812,0.700708,0.750078,0.715224,0.834759,0.851623,0.878978,0.911744,1.005303,0.984749,1.014238,1.065404,1.087195,1.100805,1.193754,1.159200,1.118252,1.156911,1.080190,1.064155,0.991991,0.894519,0.963806,0.893834,0.830985,0.818673,0.700119,0.665238,0.729114,0.592158,0.647362,0.662898,0.620793,0.661022,0.712507,0.646277,0.761907,0.797098,0.910214,0.872116,0.959106,1.024987,1.035760,1.024631,1.114989,1.101611,1.108458,1.117070,1.127629
1.031051,1.008969,1.056686,1.007251,0.960601,0.981937,0.811047,0.856053,0.820540,0.673891,0.745236,0.592579,0.639440,0.527402,0.548070,0.548477,0.571017,0.573667,0.661573,0.659779,0.689454,0.705064,0.791615,0.749515,0.843703,0.906616,0.850528,0.881956,0.997742,0.958674,0.972513,1.000360,1.100481,1.084047,1.057879,1.064761,0.933179,0.951287,0.984822,0.917874,0.832030,0.718379,0.781848,0.627434,0.678689,0.554720,0.624853,0.625113,0.582752,0.553564,0.500000,0.623205,0.635087,0.579605,0.682428,0.779735,0.730122,0.779538,0.872806,0.947482,0.937850,1.018988,0.961484,1.088648,1.110705,1.006750,1.029307,1.076606,1.048859,0.939580,0.939522,0.950664,0.930230,0.856135,0.797979,0.793482,0.640485,0.626920,0.554955,0.558736,0.606551,0.519184,0.637764,0.627129,0.582335,0.549187,0.713774,0.750280,0.696615,0.759574,0.882174,0.798563,0.947129,0.935900,1.031312,0.964558,1.067720,1.061599,1.136162,0.999388
0.952745,0.957759,1.016892,0.888860,0.874268,0.877690,0.738298,0.710013,0.698721,0.616923,0.591246,0.511292,0.600473,0.500000,0.500000,0.500000,0.500000,0.550861,0.520956,0.609325,0.600223,0.651963,0.635288,0.718158,0.791140,0.745026,0.845054,0.821194,0.937678,0.943119,0.985419,0.942523,0.941191,1.030917,0.910841,0.977258,0.928077,0.939868,0.781565,0.745959,0.677674,0.661042,0.585833,0.640408,0.584058,0.532506,0.529187,0.500000,0.532968,0.500000,0.565247,0.581441,0.572113,0.500000,0.578545,0.601532,0.714498,0.686774,0.853839,0.806574,0.939307,0.939087,0.881880,1.005017,1.001387,0.929261,0.919828,0.948639,0.991028,0.951421,0.907701,0.869623,0.810613,0.828083,0.746864,0.696996,0.655917,0.611041,0.519987,0.512604,0.500254,0.500000,0.500000,0.500000,0.517026,0.598374,0.532461,0.621575,0.579690,0.636040,0.759336,0.785043,0.894431,0.884138,0.922479,0.971598,0.955788,0.940285,1.034271,1.039681
0.869355,0.932945,0.835322,0.777822,0.799298,0.772480,0.773024,0.603142,0.701262,0.627577,0.611977,0.500000,0.500000,0.500000,0.500000,0.500000,0.500000,0.500000,0.507290,0.500000,0.520161,0.569154,0.625276,0.599688,0.623368,0.696040,0.707204,0.857969,0.846307,0.817622,0.934255,0.946303,0.982144,0.888553,0.944762,0.831768,0.849982,0.883354,0.754102,0.668013,0.612210,0.664420,0.625004,0.602243,0.577438,0.543602,0.516644,0.500000,0.500000,0.500000,0.500000,0.500000,0.533016,0.500000,0.539491,0.564439,0.596864,0.742113,0.699684,0.720421,0.839391,0.914438,0.933221,0.885592,0.906169,0.979587,0.860702,0.852437,0.909296,0.912886,0.768310,0.805326,0.701647,0.615281,0.688427,0.516162,0.583625,0.535143,0.500000,0.506486,0.500000,0.500000,0.500000,0.500000,0.500000,0.500000,0.528537,0.547117,0.580146,0.661667,0.719904,0.784996,0.831784,0.829786,0.802517,0.909675,0.932965,0.896938,0.927234,0.861635
0.856033,0.894110,0.815181,0.845359,0.683086,0.696277,0.670981,0.628537,0.504347,0.500000,0.506591,0.500000,0.500000,0.500000,0.500000,0.500000,0.500000,0.500000,0.500000,0.500000,0.506389,0.540819,0.500000,0.542772,0.616294,0.652747,0.677691,0.733844,0.744695,0.739065,0.872228,0.841507,0.810216,0.803152,0.816667,0.886406,0.759745,0.735558,0.759414,0.624351,0.607991,0.549488,0.520439,0.500000,0.500000,0.500000,0.500000,0.500000,0.500000,0.500000,0.500000,0.500000,0.500000,0.500000,0.500000,0.500000,0.586795,0.669420,0.597143,0.761738,0.718027,0.731701,0.874836,0.757770,0.853932,0.896446,0.900767,0.778642,0.836432,0.765191,0.806811,0.737405,0.720512,0.550821,0.511385,0.500000,0.500000,0.500000,0.500000,0.500000,0.500000,0.500000,0.500000,0.500000,0.500000,0.500000,0.500000,0.537284,0.508290,0.500000,0.545847,0.653010,0.755908,0.787706,0.741046,0.862094,0.837217,0.869361,0.900403,0.876508
0.770950,0.836062,0.700109,0.734451,0.764910,0.706700,0.557780,0.500000,0.500000,0.500000,0.500000,0.500000,0.500000,0.500000,0.500000,0.500000,0.500000,0.500000,0.500000,0.500000,0.500000,0.500000,0.500000,0.540725,0.512944,0.648330,0.644590,0.642342,0.652136,0.719940,0.841001,0.808929,0.727339,0.761797,0.780367,0.723319,0.694482,0.640884,0.622657,0.612717,0.578405,0.518014,0.500000,0.500000,0.500000,0.500000,0.500000,0.500000,0.500000,0.500000,0.500000,0.500000,0.500000,0.500000,0.500000,0.500000,0.500000,0.571878,0.634777,0.604430,0.673119,0.692558,0.769454,0.851503,0.741244,0.788007,0.845935,0.743821,0.749244,0.769249,0.721583,0.604296,0.663646,0.529539,0.500000,0.528287,0.500000,0.500000,0.500000,0.500000,0.500000,0.500000,0.500000,0.500000,0.500000,0.500000,0.500000,0.500000,0.500000,0.501683,0.599744,0.647023,0.583269,0.719814,0.749207,0.685923,0.712255,0.824879,0.812781,0.769085
0.707162,0.702025,0.665012,0.629265,0.696770,0.681319,0.574757,0.500000,0.500000,0.500000,0.500000,0.500000,0.500000,0.500000,0.500000,0.500000,0.500000,0.500000,0.500000,0.500000,0.500000,0.500000,0.500000,0.541269,0.549567,0.501119,0.675995,0.612536,0.631859,0.702276,0.780943,0.742150,0.724396,0.712215,0.740550,0.700637,0.697887,0.608031,0.548370,0.554589,0.500000,0.500000,0.500000,0.500000,0.500000,0.500000,0.500000,0.500000,0.500000,0.500000,0.500000,0.500000,0.500000,0.500000,0.500000,0.500000,0.509062,0.565862,0.500000,0.631712,0.599968,0.627092,0.664685,0.736843,0.760601,0.802272,0.801057,0.698661,0.700048,0.639205,0.634355,0.673095,0.595223,0.569222,0.500000,0.500000,0.500000,0.500000,0.500000,0.500000,0.500000,0.500000,0.500000,0.500000,0.500000,0.500000,0.500000,0.500000,0.500000,0.500000,0.562422,0.590967,0.561153,0.672571,0.722511,0.739629,0.747458,0.750380,0.726166,0.810857
0.791969,0.730455,0.734647,0.661700,0.669622,0.521272,0.579289,0.500000,0.500000,0.500000,0.500000,0.500000,0.500000,0.500000,0.500000,0.500000,0.500000,0.500000,0.500000,0.500000,0.500000,0.500000,0.500000,0.518690,0.500000,0.500000,0.589392,0.666165,0.624980,0.661415,0.672090,0.739457,0.790148,0.801264,0.763369,0.653769,0.635263,0.618795,0.575441,0.509894,0.504838,0.500000,0.500000,0.500000,0.500000,0.500000,0.500000,0.500000,0.500000,0.500000,0.500000,0.500000,0.500000,0.500000,0.500000,0.500000,0.515898,0.500000,0.503477,0.637040,0.676546,0.730296,0.645283,0.743292,0.735628,0.760637,0.731405,0.657140,0.696586,0.644215,0.668077,0.636860,0.620637,0.552271,0.500000,0.500000,0.500000,0.500000,0.500000,0.500000,0.500000,0.500000,0.500000,0.500000,0.500000,0.500000,0.500000,0.500000,0.500000,0.511456,0.550742,0.508867,0.536598,0.640278,0.678917,0.653606,0.781038,0.759379,0.701411,0.675156
0.782820,0.662608,0.627681,0.583786,0.601997,0.554029,0.545123,0.541353,0.500000,0.500000,0.500000,0.500000,0.500000,0.500000,0.500000,0.500000,0.500000,0.500000,0.500000,0.500000,0.500000,0.500000,0.500000,0.505487,0.500000,0.543009,0.575098,0.638095,0.588358,0.690020,0.774100,0.738079,0.699156,0.676059,0.654929,0.710363,0.632699,0.614079,0.622531,0.586231,0.500000,0.500000,0.500000,0.500000,0.500000,0.500000,0.500000,0.500000,0.500000,0.500000,0.500000,0.500000,0.500000,0.500000,0.500000,0.500000,0.500000,0.500000,0.500000,0.568200,0.577717,0.601431,0.750654,0.721231,0.652091,0.715378,0.668838,0.746510,0.702200,0.624860,0.640088,0.658519,0.516929,0.500000,0.500000,0.500000,0.500000,0.500000,0.500000,0.500000,0.500000,0.500000,0.500000,0.500000,0.500000,0.500000,0.500000,0.500000,0.500000,0.500000,0.500000,0.591278,0.513671,0.613193,0.712783,0.701892,0.700221,0.693647,0.650544,0.789662
0.713970,0.761582,0.675277,0.648162,0.632875,0.563912,0.514214,0.500000,0.500000,0.500000,0.500000,0.500000,0.500000,0.500000,0.500000,0.500000,0.500000,0.500000,0.500000,0.500000,0.500000,0.500000,0.500000,0.500000,0.500000,0.613783,0.570571,0.666463,0.715059,0.656682,0.667621,0.661727,0.665352,0.752759,0.757884,0.634170,0.602180,0.577513,0.614169,0.500000,0.507045,0.500000,0.500000,0.500000,0.500000,0.500000,0.500000,0.500000,0.500000,0.500000,0.500000,0.500000,0.500000,0.500000,0.500000,0.500000,0.500000,0.500000,0.596926,0.618950,0.592027,0.647358,0.623698,0.751931,0.753820,0.790348,0.714063,0.716411,0.738002,0.736422,0.599463,0.561138,0.500000,0.500000,0.511516,0.500000,0.500000,0.500000,0.500000,0.500000,0.500000,0.500000,0.500000,0.500000,0.500000,0.500000,0.500000,0.500000,0.500000,0.500000,0.500000,0.546548,0.517648,0.688382,0.644435,0.717126,0.689979,0.682991,0.747310,0.787608
0.795575,0.796808,0.681746,0.656927,0.637824,0.599410,0.574840,0.531494,0.500000,0.500000,0.500000,0.500000,0.500000,0.500000,0.500000,0.500000,0.500000,0.500000,0.500000,0.500000,0.500000,0.500000,0.500000,0.500000,0.500000,0.546642,0.579019,0.680109,0.671382,0.706991,0.750797,0.715794,0.782832,0.698796,0.722377,0.668665,0.679055,0.595032,0.638409,0.549269,0.533403,0.500000,0.500000,0.500000,0.500000,0.500000,0.500000,0.500000,0.500000,0.500000,0.500000,0.500000,0.500000,0.500000,0.500000,0.500000,0.500000,0.500000,0.500000,0.581369,0.707418,0.622026,0.745877,0.713558,0.795045,0.792485,0.779855,0.688497,0.720877,0.676637,0.585613,0.599619,0.544232,0.583555,0.500000,0.500000,0.500000,0.500000,0.500000,0.500000,0.500000,0.500000,0.500000,0.500000,0.500000,0.500000,0.500000,0.500000,0.500000,0.500000,0.512683,0.585550,0.614889,0.619802,0.621441,0.779228,0.791712,0.742586,0.729701,0.749643
0.856466,0.830950,0.730518,0.661977,0.756668,0.706495,0.681058,0.524883,0.500000,0.500000,0.500000,0.500000,0.500000,0.500000,0.500000,0.500000,0.500000,0.500000,0.500000,0.500000,0.500000,0.500000,0.507610,0.500000,0.608097,0.555027,0.639540,0.686818,0.781750,0.828267,0.813153,0.782718,0.802566,0.794787,0.780713,0.811593,0.755061,0.656415,0.614831,0.569412,0.628959,0.559677,0.500000,0.500000,0.500000,0.500000,0.500000,0.500000,0.500000,0.500000,0.500000,0.500000,0.500000,0.500000,0.500000,0.500000,0.500000,0.601664,0.535797,0.685478,0.617137,0.715115,0.819425,0.816240,0.805220,0.789661,0.780841,0.725789,0.715434,0.680747,0.700589,0.688891,0.605005,0.514911,0.537664,0.545605,0.500000,0.500000,0.500000,0.500000,0.500000,0.500000,0.500000,0.500000,0.500000,0.500000,0.500000,0.500000,0.500000,0.500000,0.523021,0.539543,0.609568,0.612384,0.671155,0.701390,0.835409,0.782676,0.826227,0.763602
0.853636,0.858792,0.791534,0.727433,0.682433,0.716981,0.636211,0.545131,0.501561,0.527163,0.500000,0.514329,0.500000,0.500000,0.500000,0.500000,0.500000,0.500000,0.500000,0.500000,0.500000,0.519114,0.500000,0.580184,0.652592,0.723505,0.737060,0.696503,0.732449,0.882065,0.894774,0.792817,0.812960,0.892522,0.845588,0.816580,0.739066,0.682106,0.696734,0.682343,0.588942,0.506516,0.500000,0.500000,0.500000,0.500000,0.500000,0.500000,0.500000,0.500000,0.500000,0.500000,0.500000,0.500536,0.500000,0.541630,0.605161,0.631624,0.599146,0.670806,0.774190,0.773225,0.880790,0.829522,0.879247,0.888057,0.903306,0.853448,0.814493,0.821453,0.770092,0.708310,0.638999,0.585011,0.519689,0.551240,0.500000,0.500000,0.500000,0.500000,0.500000,0.500000,0.500000,0.500000,0.500000,0.500000,0.500000,0.526991,0.555966,0.529815,0.590692,0.616351,0.653057,0.772837,0.814809,0.734759,0.903092,0.830621,0.903059,0.819423
0.895465,0.890040,0.806266,0.846930,0.864979,0.780458,0.737882,0.652115,0.687649,0.602094,0.611499,0.561121,0.500000,0.500000,0.500000,0.500000,0.500000,0.500000,0.512090,0.541677,0.540510,0.527018,0.621764,0.649415,0.735432,0.754127,0.838500,0.798762,0.846898,0.821245,0.841599,0.873358,0.953722,0.915233,0.909196,0.937627,0.818863,0.855666,0.843606,0.683743,0.613939,0.692435,0.553199,0.500000,0.500000,0.500000,0.500000,0.500000,0.500000,0.500000,0.500000,0.500000,0.515636,0.541952,0.523070,0.609424,0.695410,0.670109,0.697075,0.807393,0.791995,0.887215,0.919796,0.940544,0.954931,0.959568,0.933538,0.919837,0.841365,0.785935,0.767979,0.801369,0.752714,0.627732,0.577848,0.647315,0.539195,0.500000,0.500000,0.500000,0.500000,0.500000,0.500000,0.500000,0.500000,0.505859,0.524700,0.531113,0.522969,0.615134,0.596120,0.660419,0.808522,0.867539,0.781305,0.815707,0.867817,0.970124,0.861762,0.851125
0.991834,0.939965,0.963787,0.995408,0.878572,0.867578,0.873679,0.779083,0.668850,0.720578,0.556916,0.579741,0.600949,0.525444,0.529913,0.500000,0.521214,0.524983,0.505235,0.500000,0.585556,0.662836,0.596606,0.679919,0.759312,0.770208,0.806979,0.904243,0.859178,1.000694,0.987686,0.910845,0.996115,1.005887,0.995358,1.006679,0.930689,0.818924,0.879424,0.811871,0.700588,0.671549,0.610821,0.600690,0.573560,0.509895,0.506887,0.521026,0.500000,0.500000,0.506733,0.510994,0.612641,0.557581,0.643784,0.631733,0.643684,0.792974,0.842311,0.861199,0.900346,0.959071,0.986554,1.000957,0.980694,0.966793,0.985521,1.048597,0.938021,0.966275,0.845959,0.793861,0.838427,0.820569,0.776924,0.661193,0.553614,0.597865,0.500000,0.590294,0.500000,0.521943,0.559058,0.557785,0.500000,0.529913,0.500000,0.585344,0.680822,0.647609,0.804471,0.747245,0.762280,0.805225,0.853909,0.936723,0.931168,1.036946,0.917050,0.937126
1.052669,1.043555,1.085781,0.936593,0.940691,0.941336,0.916348,0.854431,0.722587,0.692715,0.742609,0.656419,0.625998,0.634123,0.589593,0.551671,0.617322,0.649989,0.602904,0.620247,0.674810,0.688801,0.805772,0.753045,0.772902,0.849517,0.978462,0.903907,0.978653,0.962846,0.982583,1.048334,1.118545,1.018453,1.008700,0.963511,1.018688,0.993261,0.848950,0.871464,0.811882,0.774168,0.691373,0.623074,0.590734,0.587786,0.644220,0.638108,0.507898,0.539711,0.514966,0.643103,0.570009,0.663924,0.728386,0.704018,0.731708,0.831796,0.865349,0.881064,0.919470,0.921240,1.092933,1.044935,1.059904,1.009828,1.048173,1.049033,0.966285,0.993543,0.894333,0.912387,0.860385,0.903859,0.846702,0.787310,0.726320,0.699706,0.561715,0.659387,0.651985,0.588608,0.538462,0.543560,0.549441,0.670354,0.632654,0.687093,0.697519,0.737530,0.822546,0.812392,0.914613,0.959175,0.945333,1.033866,1.003034,1.024652,1.050976,1.124237
1.106955,1.090208,1.110005,1.003600,0.999582,1.041587,0.993019,0.855577,0.931834,0.847235,0.796444,0.697946,0.714802,0.610766,0.583227,0.589701,0.657415,0.610086,0.723332,0.633260,0.717194,0.827881,0.873005,0.808275,0.960766,0.943389,0.984978,0.999652,1.046912,1.130816,1.086370,1.131154,1.094456,1.165975,1.084088,1.140886,1.134252,1.026568,0.997997,1.016819,0.877181,0.889316,0.884365,0.751084,0.757948,0.626173,0.690776,0.663883,0.628555,0.621380,0.667415,0.629239,0.713023,0.658988,0.786395,0.844566,0.786924,0.958926,0.985309,1.021224,1.010806,1.120554,1.107321,1.139726,1.133727,1.175523,1.119009,1.073325,1.054411,1.019364,1.060925,0.948496,0.993008,0.941891,0.881141,0.784859,0.738297,0.710080,0.716063,0.685329,0.686201,0.614503,0.655193,0.668161,0.663477,0.759151,0.794769,0.834204,0.874515,0.895130,0.841780,0.889627,0.916090,0.970350,1.026099,1.050233,1.130482,1.147833,1.074086,1.149397
1.207008,1.237086,1.250528,1.121014,1.130477,1.006305,0.996912,0.987262,0.865800,0.865840,0.849834,0.740593,0.763730,0.690823,0.698307,0.782174,0.750488,0.695601,0.808471,0.696916,0.760762,0.887872,0.833661,0.945722,0.981925,1.052492,1.075489,1.113827,1.138755,1.173391,1.176572,1.260660,1.239733,1.237880,1.165796,1.196415,1.085085,1.081186,1.084678,1.096939,1.011607,0.976534,0.852752,0.813893,0.819359,0.704766,0.725864,0.783908,0.681599,0.686769,0.652076,0.726514,0.819204,0.769462,0.773890,0.935093,0.865005,1.014305,1.007182,1.004962,1.051172,1.197777,1.100551,1.163878,1.282113,1.255895,1.254885,1.185010,1.218807,1.102080,1.173875,1.081912,1.008194,1.028081,0.878712,0.863723,0.845243,0.810896,0.701398,0.711766,0.698572,0.785735,0.660658,0.764280,0.700646,0.793534,0.859955,0.852361,0.889876,0.961849,1.020760,0.961814,0.990976,1.129285,1.077751,1.106158,1.187784,1.283812,1.225371,1.146646
1.217692,1.250046,1.169086,1.142409,1.195025,1.161048,1.120514,0.974414,1.011177,1.010136,0.856120,0.858787,0.884600,0.822713,0.838738,0.829966,0.766341,0.725211,0.750691,0.909293,0.888202,0.975546,0.986385,1.022375,1.093603,1.023864,1.069638,1.193877,1.201698,1.167191,1.299957,1.216548,1.289232,1.227208,1.289441,1.225617,1.245937,1.173583,1.176801,1.050920,1.026281,0.942462,0.951610,0.969048,0.832680,0.858080,0.834962,0.779325,0.763696,0.844440,0.730784,0.768154,0.882844,0.851154,0.973224,0.995421,0.999989,1.005425,1.044380,1.131180,1.157199,1.142383,1.177187,1.246760,1.232463,1.218222,1.251508,1.283812,1.280288,1.287559,1.149645,1.199048,1.078124,1.086520,1.067130,0.915765,0.893708,0.905944,0.773065,0.750900,0.723886,0.755943,0.771045,0.816598,0.767814,0.901150,0.864323,0.856336,0.975893,1.026032,0.969829,1.061895,1.057059,1.120649,1.256246,1.282781,1.287042,1.267120,1.261370,1.344944
1.317370,1.391487,1.365078,1.337602,1.275215,1.145748,1.117116,1.062189,1.067004,1.064699,0.906944,0.954211,0.965888,0.816019,0.909170,0.907988,0.788274,0.879224,0.805232,0.924535,0.997983,0.965857,0.958036,1.014952,1.101867,1.157419,1.230890,1.291816,1.213376,1.322070,1.308245,1.263894,1.386647,1.366430,1.350351,1.238503,1.337246,1.201686,1.155988,1.131750,1.074863,1.010083,1.071210,0.941522,0.977719,0.935942,0.812294,0.844288,0.779117,0.833969,0.906373,0.872183,0.950781,0.974513,0.931534,0.950718,0.996207,1.072967,1.154268,1.126634,1.259346,1.330440,1.369841,1.346057,1.367601,1.354733,1.361583,1.367173,1.275997,1.337357,1.220482,1.170537,1.171428,1.102036,1.113256,1.018195,0.984277,0.962781,0.852701,0.805112,0.782322,0.876094,0.848061,0.831338,0.926367,0.829693,0.932968,0.989069,0.937729,1.019855,1.076655,1.199740,1.111088,1.180157,1.231913,1.306234,1.358464,1.293994,1.320479,1.385262
1.406671,1.324620,1.382110,1.378875,1.242109,1.215264,1.192679,1.173007,1.094804,1.104381,1.044824,0.905334,1.007921,0.949644,0.893199,0.953699,0.911313,0.956088,0.855650,0.906241,0.960163,0.977309,1.071895,1.098218,1.078311,1.163410,1.214118,1.266308,1.263320,1.356325,1.289935,1.421385,1.378701,1.408142,1.369982,1.334503,1.364395,1.300596,1.231647,1.231365,1.197987,1.130481,0.991360,0.999916,0.985799,0.993469,0.895389,0.926561,0.895810,0.887146,0.941484,0.876615,0.950830,0.950623,0.949250,1.063134,1.071044,1.155370,1.180404,1.202166,1.289380,1.311450,1.284939,1.287763,1.368983,1.415018,1.426850,1.398855,1.292138,1.349273,1.285629,1.183675,1.174236,1.220469,1.143734,1.010155,0.986927,0.912931,1.003036,0.967754,0.894436,0.873167,0.864384,0.895749,0.953735,0.970686,0.941420,0.983491,0.992092,1.072540,1.155128,1.133763,1.201163,1.258968,1.320528,1.355000,1.381161,1.356798,1.451371,1.312832
1.332625,1.383513,1.336571,1.395137,1.310816,1.247167,1.192237,1.132227,1.136544,1.008109,1.087070,1.011478,1.022828,0.905757,0.933686,0.868347,0.972219,0.916120,0.875818,1.021311,0.945774,0.970347,1.090226,1.168186,1.171531,1.195273,1.278358,1.377985,1.334871,1.358382,1.450856,1.332186,1.353661,1.354272,1.417012,1.317717,1.338947,1.351974,1.217686,1.179182,1.135553,1.188702,1.038349,1.051915,1.075779,0.893074,1.003553,0.963007,0.904387,0.938831,0.873786,0.942203,0.931724,0.956333,1.078350,1.117845,1.184721,1.106066,1.168383,1.231600,1.252024,1.347633,1.416182,1.395663,1.367523,1.479080,1.481834,1.449639,1.408809,1.337368,1.377864,1.312530,1.213504,1.250002,1.193836,1.122694,1.039181,0.959754,0.942787,0.910367,0.854572,0.850314,0.949722,0.991606,0.988693,0.917897,1.056597,1.097644,1.119520,1.152909,1.210688,1.204000,1.251690,1.365847,1.285452,1.352993,1.419242,1.370568,1.364535,1.432657
1.439380,1.417746,1.448472,1.287313,1.316507,1.216950,1.224512,1.140704,1.075984,1.135391,1.010327,1.074219,1.032797,0.956385,0.912276,0.868043,0.969982,0.954709,0.925563,1.035332,1.080776,1.031103,1.050433,1.074950,1.173920,1.294946,1.308348,1.376068,1.424484,1.401499,1.353609,1.348575,1.455296,1.384463,1.452016,1.356347,1.324100,1.336553,1.341808,1.240366,1.227361,1.186710,1.157427,1.087390,1.012633,1.049695,0.978513,0.920128,0.908636,0.921530,1.003331,0.994350,0.922969,0.950146,1.075759,1.026287,1.162541,1.117265,1.162573,1.286924,1.350427,1.376474,1.387048,1.444486,1.403121,1.413474,1.436878,1.474528,1.406575,1.340203,1.291360,1.250038,1.298010,1.213360,1.211148,1.126030,1.125467,1.029479,0.951055,0.939539,1.011228,0.884338,0.931913,0.944887,0.976334,0.931289,0.978841,0.983907,1.130655,1.121926,1.143015,1.245832,1.342968,1.312227,1.373333,1.405583,1.334232,1.375973,1.353186,1.453213
1.352571,1.359775,1.446725,1.377336,1.371826,1.257221,1.165026,1.243675,1.074215,1.055285,1.096333,1.022384,0.935081,0.920313,0.981203,0.877392,0.900046,0.955216,0.977694,0.968383,1.069901,0.977967,1.129434,1.069898,1.178300,1.180068,1.308536,1.306593,1.289311,1.387532,1.450810,1.365848,1.486767,1.410995,1.394095,1.406719,1.409602,1.313165,1.241345,1.198860,1.115320,1.097492,1.052595,1.048423,0.976954,1.028692,0.918982,0.892918,0.928254,0.973190,0.975995,0.911133,1.004866,1.033139,1.060212,1.086858,1.126543,1.184012,1.198602,1.333092,1.326289,1.414378,1.395931,1.382773,1.414781,1.467217,1.414998,1.344915,1.434977,1.357492,1.388511,1.222641,1.172683,1.249218,1.117024,1.146468,1.045941,1.016634,1.041670,0.987213,0.942487,0.929307,0.873155,0.966610,0.947827,1.027587,1.047028,0.968191,1.095860,1.083270,1.102127,1.210720,1.326177,1.319797,1.395649,1.435158,1.403114,1.404617,1.384225,1.384863
1.442446,1.381945,1.380182,1.296840,1.333743,1.203547,1.241827,1.121375,1.057593,1.120870,1.008006,0.955009,0.929288,0.878397,0.873680,0.968722,0.932358,0.859438,0.852073,0.922644,0.922147,1.083300,1.053474,1.116701,1.175052,1.224512,1.320504,1.359349,1.259836,1.335026,1.439028,1.420044,1.394494,1.344016,1.404424,1.343558,1.276623,1.331226,1.300936,1.273586,1.195359,1.125155,1.051487,1.011173,0.948345,0.913810,0.861613,0.913119,0.888792,0.912894,0.902319,0.854349,0.902867,1.051533,0.990951,1.125568,1.157134,1.201731,1.131198,1.310121,1.258819,1.395994,1.316963,1.438059,1.446282,1.408019,1.351203,1.362905,1.335867,1.376396,1.242183,1.308947,1.154308,1.139474,1.072284,1.148413,0.985176,0.920587,0.886095,0.983579,0.896432,0.897774,0.854379,0.917301,0.981601,0.898358,0.926279,1.034577,1.078693,1.066948,1.126165,1.132194,1.175353,1.214488,1.385302,1.426866,1.371881,1.324062,1.431600,1.355718
1.341088,1.408738,1.392062,1.360088,1.217844,1.245401,1.188960,1.107390,1.025890,1.065236,0.950656,0.949423,0.871810,0.885550,0.859506,0.914910,0.912276,0.910838,0.927452,0.900365,0.988369,0.987115,1.020319,1.064878,1.048775,1.185399,1.219182,1.312254,1.292345,1.295778,1.319389,1.297784,1.339735,1.336926,1.295526,1.364077,1.360490,1.236934,1.155816,1.134411,1.144267,1.076321,1.076313,1.024817,0.962462,0.950278,0.838671,0.870434,0.860277,0.893943,0.833634,0.885199,0.936655,1.009518,0.973871,0.975941,1.101178,1.129737,1.128963,1.159243,1.242230,1.350167,1.356182,1.338206,1.357573,1.322976,1.314261,1.298427,1.399413,1.289513,1.325850,1.289525,1.181264,1.196962,1.054262,1.024751,0.935400,0.945044,0.878909,0.851643,0.890432,0.833378,0.830808,0.859749,0.896220,0.866040,0.922590,1.035309,0.997106,1.007709,1.118591,1.091876,1.240999,1.274588,1.241610,1.353925,1.267201,1.341012,1.363192,1.358618
1.311461,1.278059,1.208904,1.208798,1.200120,1.096077,1.050988,1.026053,0.980258,1.007638,0.926005,0.909132,0.933675,0.897511,0.820169,0.793528,0.754542,0.772769,0.914045,0.842615,0.842267,0.943786,0.917732,1.038763,1.134038,1.161149,1.214876,1.278087,1.266263,1.232637,1.227201,1.344942,1.325560,1.347550,1.356098,1.214093,1.308772,1.266349,1.220239,1.157202,1.016005,0.998273,1.042219,0.967745,0.850438,0.935430,0.787826,0.807448,0.884635,0.878362,0.867134,0.855576,0.912640,0.912709,0.905220,0.949074,1.080996,1.122040,1.076737,1.233567,1.129247,1.299550,1.226547,1.258663,1.379492,1.311173,1.279399,1.307881,1.207679,1.177045,1.237288,1.165231,1.116751,1.035878,1.080273,0.991359,1.015430,0.887193,0.822453,0.807294,0.879349,0.760675,0.769036,0.751565,0.821107,0.877550,0.910619,0.975039,0.961782,0.986401,1.019166,1.111567,1.175193,1.224343,1.278355,1.265328,1.273694,1.281876,1.248410,1.298538
1.230658,1.303357,1.155884,1.164301,1.190654,1.170652,1.037274,0.980201,0.994586,0.850801,0.856774,0.808332,0.841823,0.789989,0.692402,0.804358,0.683875,0.700626,0.749262,0.835802,0.899079,0.936705,0.956291,1.003458,1.032511,1.076193,1.076964,1.209445,1.203783,1.219540,1.236397,1.254006,1.198981,1.296172,1.229372,1.169675,1.214030,1.131217,1.153373,1.134850,1.063470,0.969114,0.961981,0.900929,0.810577,0.876263,0.751753,0.810878,0.752912,0.791051,0.768480,0.719989,0.799142,0.893940,0.884535,0.890970,0.989010,1.025380,1.102604,1.122195,1.137944,1.236696,1.186303,1.286041,1.238981,1.228555,1.266104,1.265862,1.240007,1.225773,1.081863,1.096477,0.993913,0.964474,0.957559,0.938673,0.905121,0.777716,0.756962,0.748005,0.761067,0.749704,0.780386,0.820613,0.729266,0.854018,0.820011,0.802024,0.958734,0.938503,0.986897,1.073364,1.045473,1.167650,1.208070,1.186863,1.161442,1.190391,1.276810,1.220004
1.206459,1.226030,1.088219,1.075007,1.050017,1.015850,0.957293,0.915273,0.869997,0.922392,0.746836,0.726776,0.729620,0.737042,0.721150,0.691415,0.701301,0.653274,0.775654,0.704173,0.821562,0.869440,0.835877,0.932779,0.978683,0.978770,1.051076,1.073417,1.053840,1.082773,1.155345,1.107750,1.242302,1.226686,1.148431,1.147806,1.124469,1.045702,1.045142,1.043279,0.945390,0.934784,0.860735,0.872709,0.795584,0.810065,0.784620,0.638313,0.706289,0.755726,0.734655,0.721884,0.666219,0.734248,0.867351,0.875204,0.875147,0.922712,0.990023,1.059800,1.071409,1.074901,1.133383,1.173691,1.163802,1.158102,1.158104,1.119012,1.075888,1.087329,1.149026,0.985508,0.982460,0.886650,0.902092,0.855121,0.786004,0.847088,0.729479,0.717407,0.688283,0.664236,0.736941,0.662636,0.746430,0.713760,0.701970,0.777361,0.903220,0.899825,0.894129,0.950385,1.094383,1.089401,1.031430,1.159194,1.167641,1.132131,1.168513,1.109109
1.095328,1.064864,1.073436,1.054279,0.947913,0.970226,0.917993,0.935096,0.770567,0.765378,0.746410,0.760245,0.710469,0.584395,0.672019,0.644322,0.623013,0.565152,0.573949,0.632450,0.710214,0.795183,0.833718,0.822322,0.918466,0.908677,0.964835,1.017744,0.989236,1.040075,1.058425,1.159378,1.054223,1.031905,1.114413,1.114242,1.051959,1.064239,0.891691,0.898346,0.823863,0.826921,0.746353,0.758301,0.724104,0.590629,0.579237,0.590855,0.640157,0.538354,0.571132,0.671569,0.657050,0.732633,0.734225,0.834582,0.748727,0.908289,0.896323,0.941510,0.993954,0.997233,1.013937,1.154967,1.099693,1.070692,1.042649,1.053216,1.084667,1.037751,1.040397,0.948146,0.939714,0.875742,0.798032,0.853782,0.791824,0.637477,0.678955,0.591667,0.598244,0.623710,0.545481,0.601313,0.623420,0.663889,0.691275,0.786486,0.694118,0.754857,0.879183,0.915968,0.983343,1.064720,1.053494,1.064241,1.097757,1.025573,1.114689,1.134403
1.031127,0.966325,0.971559,1.015728,0.884411,0.897279,0.831195,0.798770,0.688918,0.763390,0.613359,0.688143,0.618627,0.552024,0.529584,0.592348,0.598535,0.566266,0.555055,0.593375,0.564312,0.629253,0.637530,0.763573,0.784282,0.891983,0.857557,0.965274,0.914742,0.961560,0.992843,1.036434,1.099894,1.038649,1.053333,1.056111,1.005174,0.852399,0.934629,0.881081,0.796082,0.764498,0.690228,0.701093,0.693084,0.578670,0.592410,0.518006,0.587911,0.577090,0.525893,0.601043,0.584864,0.548655,0.575804,0.745798,0.673360,0.718178,0.826641,0.815421,0.844114,0.981990,0.985636,1.024552,1.039094,0.964015,1.093480,0.952234,1.037300,0.939535,0.899747,0.900491,0.884554,0.740225,0.816256,0.704862,0.677907,0.553165,0.566283,0.500000,0.556981,0.500000,0.500000,0.556625,0.573155,0.513933,0.589646,0.704959,0.642202,0.778368,0.820299,0.789240,0.933506,0.908636,0.968628,1.023255,1.015249,1.028893,1.061193,1.065289
0.957161,0.886193,0.889703,0.879472,0.807180,0.878002,0.813121,0.686806,0.733018,0.698303,0.650528,0.580631,0.500000,0.528590,0.500000,0.500000,0.500000,0.532722,0.500000,0.500000,0.582138,0.552062,0.650218,0.622494,0.761700,0.799566,0.826914,0.843132,0.925116,0.873424,0.912422,1.017688,0.929971,1.012392,1.004186,0.940840,0.926196,0.794101,0.859831,0.754967,0.784049,0.640742,0.699563,0.611203,0.577392,0.500000,0.527070,0.500000,0.500000,0.500000,0.508555,0.503866,0.500000,0.592074,0.634041,0.546016,0.682331,0.707336,0.757484,0.732249,0.893316,0.917372,0.926142,0.897553,1.018907,1.018656,0.876329,0.967406,0.863394,0.826289,0.904322,0.769824,0.750481,0.687139,0.674227,0.602526,0.615701,0.545664,0.546494,0.536403,0.541756,0.500000,0.500000,0.500000,0.530510,0.552436,0.574255,0.633045,0.582229,0.665707,0.776222,0.719590,0.842381,0.820762,0.943173,0.836875,0.934735,1.000901,0.990340,0.885604
0.879735,0.839452,0.884188,0.794139,0.713340,0.672978,0.659481,0.588071,0.610482,0.577998,0.505013,0.500000,0.500000,0.500000,0.500000,0.500000,0.500000,0.500000,0.500000,0.500000,0.500000,0.502294,0.612621,0.598174,0.646355,0.715847,0.810310,0.827464,0.785373,0.802144,0.869554,0.848696,0.831763,0.935178,0.875119,0.841749,0.801612,0.749543,0.690386,0.699875,0.628441,0.675096,0.555719,0.500000,0.500000,0.500000,0.500000,0.500000,0.500000,0.500000,0.500000,0.500000,0.500000,0.500000,0.547246,0.580066,0.533137,0.611449,0.666319,0.693481,0.729946,0.782375,0.894115,0.810168,0.895308,0.841841,0.877405,0.914308,0.807002,0.878668,0.803291,0.727383,0.683885,0.604790,0.600453,0.575221,0.558457,0.500000,0.500000,0.500000,0.500000,0.500000,0.500000,0.500000,0.500000,0.500000,0.500000,0.570799,0.557411,0.531763,0.638526,0.711965,0.663414,0.731290,0.829394,0.778989,0.921537,0.873401,0.914976,0.853835
0.879102,0.791409,0.797122,0.745343,0.671966,0.717370,0.598050,0.527261,0.613724,0.500000,0.500000,0.500000,0.500000,0.500000,0.500000,0.500000,0.500000,0.500000,0.500000,0.500000,0.500000,0.500000,0.500000,0.574007,0.585734,0.603308,0.710665,0.663608,0.681154,0.813254,0.743102,0.883051,0.830772,0.784099,0.805782,0.724072,0.754068,0.719023,0.664290,0.692898,0.647448,0.567965,0.553942,0.500000,0.500000,0.500000,0.500000,0.500000,0.500000,0.500000,0.500000,0.500000,0.500000,0.500000,0.500000,0.501226,0.603167,0.608381,0.653075,0.705959,0.761604,0.764762,0.734220,0.734438,0.846332,0.830420,0.844152,0.813186,0.807056,0.688575,0.732580,0.683792,0.705759,0.581773,0.514989,0.500000,0.500000,0.500000,0.500000,0.500000,0.500000,0.500000,0.500000,0.500000,0.500000,0.500000,0.500000,0.500000,0.535702,0.500000,0.607719,0.698975,0.736200,0.685965,0.765848,0.752477,0.730766,0.870856,0.875277,0.749800
0.723604,0.828819,0.745398,0.751954,0.692889,0.695152,0.656349,0.500000,0.500000,0.508856,0.500000,0.500000,0.500000,0.500000,0.500000,0.500000,0.500000,0.500000,0.500000,0.500000,0.500000,0.500000,0.500000,0.500000,0.500000,0.617269,0.635417,0.705316,0.704758,0.734876,0.693901,0.762196,0.808362,0.840863,0.742483,0.803290,0.647349,0.688280,0.660695,0.626616,0.500000,0.500000,0.500000,0.500000,0.500000,0.500000,0.500000,0.500000,0.500000,0.500000,0.500000,0.500000,0.500000,0.500000,0.500000,0.500000,0.554078,0.550538,0.586031,0.672052,0.683537,0.760612,0.768945,0.693033,0.837887,0.725438,0.783576,0.795573,0.792914,0.666521,0.646057,0.685736,0.649339,0.554482,0.552808,0.500000,0.500000,0.500000,0.500000,0.500000,0.500000,0.500000,0.500000,0.500000,0.500000,0.500000,0.500000,0.500000,0.500000,0.500000,0.539280,0.524493,0.697755,0.618814,0.758157,0.765828,0.691509,0.841505,0.822255,0.740795
0.684914,0.745216,0.728232,0.636807,0.699203,0.551535,0.534951,0.513140,0.500000,0.500000,0.500000,0.500000,0.500000,0.500000,0.500000,0.500000,0.500000,0.500000,0.500000,0.500000,0.500000,0.500000,0.500000,0.500000,0.500000,0.523995,0.643911,0.705076,0.652352,0.771939,0.770477,0.777338,0.690866,0.795995,0.768445,0.760451,0.607300,0.681108,0.578869,0.620338,0.500000,0.500000,0.500000,0.500000,0.500000,0.500000,0.500000,0.500000,0.500000,0.500000,0.500000,0.500000,0.500000,0.500000,0.500000,0.500000,0.510119,0.575496,0.618432,0.620516,0.708660,0.603172,0.688518,0.728147,0.765941,0.701118,0.686604,0.659829,0.692281,0.684731,0.630926,0.554951,0.572658,0.580125,0.500000,0.500000,0.500000,0.500000,0.500000,0.500000,0.500000,0.500000,0.500000,0.500000,0.500000,0.500000,0.500000,0.500000,0.500000,0.500000,0.557136,0.616903,0.540184,0.702171,0.740144,0.695236,0.656275,0.772042,0.732613,0.747953
0.796554,0.649816,0.684774,0.648451,0.634888,0.594910,0.546956,0.549688,0.500000,0.500000,0.500000,0.500000,0.500000,0.500000,0.500000,0.500000,0.500000,0.500000,0.500000,0.500000,0.500000,0.500000,0.500000,0.500000,0.500000,0.603458,0.641789,0.630683,0.609916,0.612506,0.685809,0.742267,0.747260,0.673811,0.784362,0.676640,0.672441,0.624863,0.581627,0.500000,0.500000,0.500000,0.500000,0.500000,0.500000,0.500000,0.500000,0.500000,0.500000,0.500000,0.500000,0.500000,0.500000,0.500000,0.500000,0.500000,0.500000,0.518021,0.553120,0.613735,0.544170,0.601717,0.735944,0.701355,0.656896,0.731199,0.687358,0.673311,0.747757,0.615877,0.570232,0.567792,0.573642,0.500000,0.500000,0.500000,0.500000,0.500000,0.500000,0.500000,0.500000,0.500000,0.500000,0.500000,0.500000,0.500000,0.500000,0.500000,0.500000,0.500000,0.500545,0.598253,0.507167,0.683991,0.638518,0.707110,0.692675,0.695607,0.677489,0.746098
0.784366,0.764195,0.665861,0.655268,0.555087,0.611616,0.571485,0.500000,0.500000,0.500000,0.500000,0.500000,0.500000,0.500000,0.500000,0.500000,0.500000,0.500000,0.500000,0.500000,0.500000,0.500000,0.500000,0.500000,0.500000,0.526063,0.621746,0.581019,0.699815,0.702745,0.651341,0.695906,0.756451,0.796659,0.704519,0.630963,0.641722,0.693979,0.589712,0.542849,0.500000,0.500000,0.500000,0.500000,0.500000,0.500000,0.500000,0.500000,0.500000,0.500000,0.500000,0.500000,0.500000,0.500000,0.500000,0.500000,0.500000,0.500000,0.580716,0.602359,0.581568,0.583762,0.637008,0.728800,0.719680,0.655411,0.723758,0.688581,0.679398,0.724380,0.677656,0.635488,0.556234,0.506133,0.500000,0.500000,0.500000,0.500000,0.500000,0.500000,0.500000,0.500000,0.500000,0.500000,0.500000,0.500000,0.500000,0.500000,0.500000,0.500000,0.506094,0.500000,0.640985,0.672598,0.654638,0.680873,0.743238,0.720176,0.662691,0.687526
0.726231,0.755447,0.733768,0.632595,0.704966,0.668583,0.523448,0.500000,0.500000,0.500000,0.500000,0.500000,0.500000,0.500000,0.500000,0.500000,0.500000,0.500000,0.500000,0.500000,0.500000,0.500000,0.500000,0.519542,0.501808,0.530248,0.527858,0.626500,0.646343,0.671931,0.687015,0.748059,0.671464,0.678952,0.670960,0.643235,0.632769,0.635811,0.655580,0.625899,0.580589,0.500000,0.500000,0.500000,0.500000,0.500000,0.500000,0.500000,0.500000,0.500000,0.500000,0.500000,0.500000,0.500000,0.500000,0.500000,0.500000,0.500000,0.532226,0.538325,0.690823,0.626306,0.745212,0.738231,0.746697,0.678419,0.740637,0.765386,0.664048,0.743882,0.709198,0.561754,0.509067,0.500000,0.500000,0.500000,0.500000,0.500000,0.500000,0.500000,0.500000,0.500000,0.500000,0.500000,0.500000,0.500000,0.500000,0.500000,0.500000,0.500000,0.500000,0.500000,0.603276,0.658830,0.684489,0.691652,0.720464,0.751450,0.720259,0.702016
0.819234,0.768739,0.720723,0.717583,0.743568,0.560263,0.513477,0.536944,0.500000,0.500000,0.500000,0.500000,0.500000,0.500000,0.500000,0.500000,0.500000,0.500000,0.500000,0.500000,0.500000,0.500000,0.500000,0.500000,0.500000,0.645261,0.615761,0.656799,0.647234,0.773371,0.725846,0.731220,0.766084,0.843185,0.742686,0.784146,0.701968,0.652049,0.654150,0.573236,0.546331,0.521091,0.506595,0.500000,0.500000,0.500000,0.500000,0.500000,0.500000,0.500000,0.500000,0.500000,0.500000,0.500000,0.500000,0.500000,0.506850,0.500000,0.619539,0.651941,0.675636,0.633794,0.708825,0.721300,0.806658,0.772727,0.818503,0.769242,0.777721,0.730927,0.603004,0.675676,0.563430,0.585178,0.500000,0.500000,0.500000,0.500000,0.500000,0.500000,0.500000,0.500000,0.500000,0.500000,0.500000,0.500000,0.500000,0.500000,0.500000,0.500000,0.500000,0.536431,0.546366,0.725098,0.672719,0.686785,0.787541,0.811060,0.710687,0.741930
0.745448,0.866101,0.761104,0.815232,0.661850,0.617367,0.560750,0.632532,0.526432,0.565624,0.506543,0.500000,0.500000,0.500000,0.500000,0.500000,0.500000,0.500000,0.500000,0.500000,0.500000,0.500000,0.509602,0.500000,0.521744,0.650372,0.693236,0.780342,0.809001,0.821367,0.748509,0.825331,0.800092,0.881577,0.788450,0.771899,0.707972,0.657495,0.654400,0.620239,0.636919,0.541527,0.510095,0.500000,0.500000,0.500000,0.500000,0.500000,0.500000,0.500000,0.500000,0.500000,0.500000,0.500000,0.500000,0.500000,0.570818,0.560498,0.587016,0.648059,0.755068,0.772223,0.821694,0.796051,0.760339,0.775965,0.870189,0.751143,0.815038,0.770950,0.762372,0.663684,0.644673,0.598098,0.509111,0.561242,0.522374,0.500000,0.500000,0.500000,0.500000,0.500000,0.500000,0.500000,0.500000,0.500000,0.500000,0.500000,0.500000,0.522672,0.637937,0.629690,0.707878,0.680034,0.688560,0.769150,0.800694,0.807301,0.791683,0.812481
0.832795,0.851820,0.813541,0.852490,0.828956,0.735690,0.627404,0.685541,0.535338,0.606921,0.541028,0.500000,0.500000,0.500000,0.500000,0.500000,0.500000,0.500000,0.500000,0.500000,0.500000,0.500000,0.576853,0.564296,0.711304,0.738534,0.705162,0.736613,0.767000,0.798216,0.817528,0.931136,0.831944,0.948016,0.900543,0.875236,0.872637,0.766285,0.679202,0.728250,0.721199,0.554688,0.608325,0.508446,0.500000,0.500000,0.500000,0.500000,0.500000,0.500000,0.500000,0.500000,0.500000,0.500000,0.522098,0.585796,0.601336,0.638659,0.714334,0.680427,0.787336,0.850164,0.791081,0.890791,0.910534,0.821546,0.823967,0.901391,0.809638,0.878439,0.728023,0.755081,0.720809,0.687620,0.607193,0.627526,0.559570,0.520881,0.500000,0.500000,0.500000,0.500000,0.500000,0.500000,0.500000,0.500000,0.505656,0.500000,0.511706,0.627547,0.699967,0.688292,0.789351,0.726338,0.820571,0.784035,0.906869,0.851666,0.923252,0.853213
1.004787,0.918133,0.957650,0.895396,0.877909,0.853741,0.816470,0.750464,0.636399,0.659933,0.605968,0.598596,0.551430,0.500000,0.500000,0.500000,0.500000,0.500000,0.500000,0.500000,0.500000,0.596421,0.631961,0.661984,0.754096,0.808879,0.773459,0.853545,0.866305,0.878833,0.881986,0.981188,0.892649,0.955778,1.002983,0.948412,0.857963,0.863587,0.821476,0.794849,0.700591,0.633968,0.571250,0.530867,0.500000,0.500000,0.542244,0.500000,0.500000,0.500000,0.500000,0.504570,0.500234,0.513020,0.636102,0.679774,0.600785,0.760626,0.794852,0.722036,0.794321,0.848601,0.894601,0.861457,0.869886,1.019958,0.905200,0.913610,0.881577,0.928615,0.883860,0.750853,0.733841,0.678949,0.628779,0.616877,0.594935,0.596790,0.502262,0.541105,0.517620,0.500000,0.509106,0.500000,0.500000,0.500000,0.581210,0.614522,0.678391,0.607588,0.672756,0.806454,0.759817,0.818004,0.913452,0.894720,1.000333,0.880253,1.009820,1.017292
1.002613,1.027822,1.035829,1.017073,0.961165,0.858091,0.765583,0.788592,0.702810,0.712864,0.723247,0.552166,0.597764,0.513615,0.500000,0.500000,0.500000,0.509389,0.501460,0.584794,0.675426,0.662590,0.706290,0.687085,0.747204,0.798521,0.866438,0.958190,0.976956,0.973846,0.942165,0.995689,0.961703,0.976935,1.000696,0.983933,0.984429,0.908453,0.862617,0.803430,0.836835,0.759898,0.620452,0.683568,0.675816,0.508376,0.582412,0.510117,0.575093,0.567029,0.500000,0.606873,0.610170,0.559889,0.665248,0.697179,0.755868,0.720029,0.865110,0.862726,0.980235,0.892233,1.054365,1.060197,0.994871,1.065911,1.039295,0.992844,0.982016,0.983090,0.905868,0.825515,0.873332,0.768603,0.808693,0.632199,0.656186,0.664667,0.601318,0.519972,0.500000,0.511087,0.532892,0.570661,0.599148,0.632587,0.618506,0.569783,0.658005,0.767015,0.761171,0.795780,0.847712,0.891359,0.963689,0.925031,1.043913,1.034563,1.078346,1.030571
1.044765,1.112999,1.113406,1.031839,1.067981,0.975123,0.926357,0.813561,0.864775,0.788644,0.726319,0.740595,0.629139,0.561615,0.676109,0.624028,0.618650,0.606137,0.589161,0.659197,0.666231,0.797553,0.697519,0.760837,0.883911,0.929911,0.952994,1.029504,0.956656,1.124975,1.049225,1.113138,1.105215,1.089537,1.106659,1.133897,0.965074,1.030843,0.884225,0.863433,0.892533,0.839032,0.824904,0.801631,0.718046,0.675701,0.652381,0.537213,0.612315,0.608555,0.600912,0.581198,0.599543,0.691148,0.668534,0.705255,0.835519,0.896489,0.829555,0.933392,0.964970,0.975334,1.129591,1.083193,1.090998,1.084191,1.076598,1.044111,0.991959,1.026820,0.946343,1.026387,0.867879,0.885036,0.797313,0.819420,0.741586,0.679339,0.585305,0.557907,0.672038,0.538658,0.671618,0.596220,0.646555,0.658414,0.618253,0.724377,0.744001,0.778095,0.851338,0.867146,0.949086,0.962339,1.051494,1.044937,1.104844,1.031337,1.056738,1.102332
1.113415,1.211671,1.100520,1.042903,0.999153,1.017432,0.944004,0.882853,0.917660,0.872945,0.746411,0.774409,0.691967,0.767838,0.694039,0.674647,0.745472,0.640529,0.688961,0.663927,0.731651,0.785055,0.771484,0.902274,0.865961,1.045441,1.045261,1.117346,1.105862,1.199164,1.117915,1.153260,1.147854,1.098443,1.141548,1.070447,1.170826,1.132833,0.976415,0.954482,0.911074,0.905371,0.911678,0.818348,0.805702,0.774419,0.654335,0.660664,0.628623,0.693895,0.679512,0.759687,0.654502,0.773308,0.760556,0.828640,0.861415,0.968461,1.010288,1.078982,1.021982,1.055451,1.169357,1.140742,1.143272,1.244441,1.234960,1.184962,1.110500,1.168177,1.145403,1.094100,1.028510,0.891874,0.879704,0.836144,0.790243,0.735575,0.743888,0.712403,0.675927,0.618443,0.636462,0.655741,0.638127,0.664154,0.752266,0.843634,0.845299,0.838148,0.988866,0.903277,0.986844,1.020033,1.164349,1.127771,1.191694,1.105932,1.199458,1.204311
1.222896,1.235722,1.166346,1.137962,1.090599,1.142322,0.993770,1.016970,0.936092,0.899965,0.818943,0.857204,0.748501,0.776509,0.739405,0.761869,0.687220,0.710813,0.846679,0.746675,0.807162,0.916201,0.965277,1.021015,0.947763,1.126148,1.148731,1.091805,1.184124,1.220233,1.300366,1.301856,1.203879,1.315245,1.225194,1.230191,1.175947,1.180774,1.175436,1.104188,1.075584,0.897066,0.979954,0.904666,0.873681,0.862516,0.792306,0.827730,0.677953,0.818405,0.791357,0.789214,0.866981,0.876887,0.910863,0.907957,1.025691,1.057383,1.054509,1.079913,1.171998,1.157998,1.174708,1.162281,1.217102,1.172066,1.167917,1.187462,1.238834,1.118178,1.128674,1.082129,1.078568,0.943344,1.015446,0.981301,0.849672,0.833099,0.761017,0.846203,0.812139,0.710463,0.698194,0.706173,0.811661,0.764985,0.855455,0.837212,0.841090,0.964430,0.999387,1.007251,1.054775,1.063892,1.212581,1.214779,1.207480,1.198266,1.306954,1.283964
1.283980,1.315630,1.230744,1.208581,1.165237,1.098725,1.089854,1.111773,1.056416,1.007997,0.998693,0.961920,0.841617,0.876073,0.794515,0.826619,0.845390,0.790619,0.856344,0.827007,0.820362,0.935373,0.951627,0.972815,1.028666,1.046200,1.121413,1.131647,1.172731,1.248885,1.256273,1.244092,1.288386,1.321901,1.321069,1.266529,1.257993,1.181512,1.109947,1.100656,1.141756,1.074727,0.907956,1.004642,0.861092,0.884884,0.797245,0.868262,0.789818,0.794565,0.812256,0.811023,0.854411,0.848644,0.957949,0.967399,1.004434,1.059105,1.102407,1.103761,1.187510,1.294379,1.294117,1.273422,1.358223,1.359194,1.345915,1.271562,1.229370,1.308805,1.184188,1.211948,1.147343,1.062476,1.039999,1.016648,0.943023,0.834967,0.855652,0.833537,0.868458,0.782490,0.835414,0.862560,0.765376,0.798690,0.870191,0.968689,1.013487,1.037172,1.055304,1.181776,1.121214,1.229008,1.299594,1.334638,1.304948,1.364518,1.302500,1.282001
1.328203,1.398663,1.340016,1.365463,1.322871,1.187479,1.108822,1.047870,1.149886,0.992607,1.053161,0.982033,0.882462,0.960998,0.879043,0.869112,0.858378,0.879706,0.940677,0.852943,0.965717,0.954539,1.019643,1.055789,1.188124,1.149360,1.143351,1.210022,1.277047,1.273578,1.409239,1.314269,1.317945,1.311610,1.404188,1.367533,1.294411,1.321904,1.199126,1.116631,1.086818,1.100945,1.010999,0.992843,0.969947,0.956615,0.903007,0.905843,0.788184,0.804923,0.927674,0.944288,0.924530,0.981844,0.994133,1.042263,1.031667,1.090596,1.155480,1.255907,1.308877,1.235438,1.268208,1.411093,1.395693,1.336028,1.284611,1.293076,1.374484,1.283923,1.262821,1.263797,1.189661,1.103524,1.024438,1.066599,0.953015,1.013286,0.853700,0.906308,0.805743,0.790484,0.854587,0.863545,0.835725,0.911538,0.900461,0.953772,1.042665,1.060580,1.117433,1.118514,1.200618,1.320568,1.288880,1.342069,1.293031,1.391754,1.414162,1.382924
1.449213,1.388359,1.322296,1.272659,1.300194,1.288149,1.163018,1.194094,1.061017,1.030659,0.951849,1.008375,0.894957,0.989984,0.973464,0.926280,0.890235,0.840106,0.914646,0.984159,1.028156,0.947559,1.039264,1.087114,1.179402,1.197844,1.314780,1.339641,1.262469,1.406170,1.400639,1.376408,1.439986,1.399032,1.399104,1.285483,1.307800,1.316617,1.326788,1.202864,1.156525,1.083573,1.044499,0.952414,1.055345,1.024293,0.928966,0.952127,0.964124,0.948196,0.920837,0.993690,0.909766,0.987931,1.027351,1.066784,1.106921,1.081642,1.139745,1.289396,1.310881,1.250966,1.348820,1.426653,1.319801,1.348976,1.418111,1.395386,1.406867,1.299604,1.265133,1.221156,1.270711,1.130416,1.063574,1.143153,1.096384,1.063873,1.010582,0.945330,0.962448,0.919319,0.892832,0.967686,0.899912,0.926376,1.020515,1.057978,1.044992,1.050785,1.222147,1.205726,1.226785,1.235003,1.256520,1.310962,1.398705,1.366133,1.410918,1.340777
1.402996,1.453877,1.424101,1.329377,1.347625,1.313552,1.220168,1.249863,1.179835,1.023628,0.984495,1.072222,0.975088,0.880942,0.901639,0.846141,0.933596,0.854647,1.015441,0.923246,0.943437,1.112785,1.106205,1.166540,1.210529,1.187880,1.335314,1.248363,1.410660,1.387364,1.341232,1.350854,1.452776,1.370250,1.428204,1.367249,1.413987,1.304660,1.213889,1.243546,1.173826,1.097998,1.148672,1.000030,0.937521,0.949931,0.932561,0.923657,0.986523,0.857296,0.873588,0.962996,1.016574,0.937222,0.992811,1.126645,1.060008,1.122637,1.229896,1.330505,1.238817,1.274551,1.443761,1.365240,1.466591,1.457762,1.396023,1.374650,1.373037,1.403581,1.363153,1.209868,1.174689,1.193278,1.202893,1.057689,1.011627,0.988823,0.998872,0.978940,0.955416,0.904346,0.914163,0.973085,1.005873,0.989837,0.937117,1.046265,1.022692,1.178659,1.243773,1.196288,1.229253,1.331426,1.381743,1.393329,1.385898,1.448707,1.460473,1.390389
1.485991,1.458273,1.402748,1.388349,1.376483,1.240789,1.243275,1.223765,1.203248,1.163419,1.073916,0.940029,0.939093,0.905120,0.921925,0.912186,0.936994,0.984057,0.974191,1.045509,1.008749,1.098664,1.110813,1.104316,1.146407,1.249869,1.217893,1.369574,1.367640,1.397700,1.416722,1.407763,1.442357,1.350804,1.421176,1.322555,1.321324,1.310254,1.327167,1.206691,1.146824,1.145919,1.151753,1.066136,1.029777,1.021727,0.919818,0.944756,0.968448,0.894775,0.981468,1.023170,0.948074,1.030122,1.021613,1.089314,1.139328,1.240659,1.289318,1.277422,1.305607,1.381358,1.432171,1.452763,1.392838,1.409138,1.431363,1.443546,1.323338,1.376251,1.308533,1.250296,1.207317,1.214841,1.072271,1.101062,1.074003,0.992934,1.037735,0.963138,0.952008,0.868610,0.876831,1.006922,0.933044,1.026944,1.026184,1.033252,1.073813,1.093979,1.238302,1.216549,1.274267,1.282726,1.409075,1.436025,1.472691,1.395735,1.411997,1.477223
1.429335,1.454882,1.339744,1.364713,1.278964,1.234912,1.269945,1.152840,1.169404,1.008476,1.048849,1.044505,0.993008,0.994464,0.880628,0.862398,0.904782,0.867734,0.913834,0.911532,0.924740,1.023120,1.088080,1.067025,1.213423,1.254300,1.259717,1.249838,1.282375,1.440353,1.376681,1.458619,1.369648,1.357795,1.364443,1.319601,1.366127,1.238468,1.344247,1.266996,1.129857,1.080219,1.085772,0.975729,1.072179,1.035026,0.993831,0.879190,0.932335,0.937588,0.881138,0.954808,0.963630,0.983925,0.974726,1.088765,1.124992,1.216798,1.286843,1.285102,1.356027,1.324351,1.406037,1.319729,1.419575,1.420000,1.341789,1.418625,1.335782,1.357943,1.298569,1.273114,1.265960,1.108115,1.069215,1.147827,1.085093,0.966685,0.920338,0.933984,0.901627,0.954391,0.883550,0.890224,0.979934,0.942518,1.053378,1.033679,1.133664,1.135702,1.117986,1.239600,1.183833,1.331150,1.363856,1.432495,1.319860,1.373100,1.359918,1.466425
1.359009,1.380855,1.347828,1.309055,1.314587,1.228407,1.212554,1.128930,1.169755,1.122155,1.009119,1.040818,0.906569,0.957692,0.953250,0.943804,0.848112,0.861867,0.983930,0.935185,0.960070,0.983280,0.987053,1.075478,1.127500,1.227569,1.228095,1.299125,1.303859,1.362107,1.376619,1.341931,1.389887,1.419382,1.314389,1.304743,1.297797,1.210582,1.245293,1.128084,1.149819,1.127190,1.073428,0.966508,0.998955,0.905759,0.880341,0.867009,0.934866,0.849139,0.952063,0.910574,0.986381,0.973580,1.069269,1.109249,1.095088,1.128156,1.224364,1.209616,1.310933,1.262163,1.321348,1.293604,1.408783,1.457524,1.359153,1.400983,1.407178,1.309214,1.258845,1.186176,1.146898,1.185888,1.076312,1.069445,1.059745,0.934844,0.942012,0.844217,0.869945,0.951346,0.927705,0.946603,0.859453,0.949512,0.994250,1.068296,1.033524,1.041074,1.117096,1.144363,1.240671,1.248345,1.318232,1.376772,1.387746,1.306750,1.414937,1.323853
1.375272,1.386388,1.269077,1.342596,1.240076,1.246343,1.090122,1.115002,1.106616,1.069251,0.949624,0.935433,0.967195,0.811665,0.887818,0.794328,0.787852,0.836856,0.886641,0.822825,0.981703,0.997570,0.946084,1.074097,1.048300,1.094455,1.172007,1.286396,1.316090,1.258729,1.350559,1.268923,1.277728,1.292035,1.260481,1.354767,1.248066,1.308354,1.168235,1.225094,1.160418,1.068803,1.066174,0.927459,0.897710,0.927248,0.845857,0.881413,0.872336,0.802365,0.785401,0.873989,0.909353,0.997725,1.009675,0.985628,1.042772,1.048094,1.149762,1.200340,1.303339,1.279105,1.287412,1.248563,1.316473,1.338473,1.382153,1.369357,1.353430,1.252637,1.205704,1.171483,1.097373,1.141533,1.056689,0.975079,0.900999,0.985864,0.895803,0.921992,0.916539,0.776798,0.867141,0.891853,0.810054,0.874910,0.992722,0.940741,1.019162,1.103935,1.036984,1.084366,1.223336,1.304687,1.287348,1.231657,1.324661,1.383109,1.295720,1.398718
1.300663,1.327414,1.303462,1.231589,1.185234,1.123476,1.049383,1.105610,1.019181,0.940117,0.910907,0.948529,0.774679,0.875387,0.820561,0.749386,0.774912,0.763948,0.758878,0.847288,0.888418,0.847340,0.925749,0.931218,1.086302,1.156386,1.190270,1.215516,1.144069,1.270487,1.216246,1.319424,1.314690,1.332589,1.253843,1.236875,1.231793,1.240237,1.148731,1.047324,1.079798,1.008772,0.952503,0.941841,0.941053,0.859497,0.817263,0.763617,0.739396,0.813071,0.861225,0.876175,0.782573,0.903960,0.939267,1.015221,1.003278,1.118145,1.137222,1.098003,1.159364,1.244879,1.235122,1.213396,1.286283,1.284034,1.263799,1.208794,1.211345,1.225943,1.223363,1.137479,1.150250,1.079174,1.047641,0.987018,0.913447,0.913012,0.883025,0.870240,0.746261,0.746688,0.742858,0.864058,0.850012,0.893935,0.887075,0.865913,0.920754,0.949945,1.003678,1.147267,1.194448,1.237215,1.235190,1.172353,1.308322,1.265111,1.359150,1.229050
1.183861,1.268422,1.166355,1.161733,1.145050,1.095644,1.096340,1.011576,0.948424,0.925144,0.792633,0.839060,0.814348,0.744448,0.707415,0.680935,0.700232,0.658647,0.803423,0.772735,0.771522,0.790025,0.933825,0.974422,1.005611,1.086614,1.074426,1.153323,1.209751,1.212766,1.207037,1.157193,1.271175,1.188565,1.163442,1.122712,1.132018,1.066228,1.117343,0.984052,0.951822,0.936942,0.961384,0.874211,0.885766,0.748085,0.822570,0.691477,0.758365,0.717860,0.740585,0.772195,0.837567,0.799657,0.797793,0.908328,0.953658,0.964500,0.991716,1.070951,1.060435,1.188221,1.134411,1.204827,1.160722,1.160439,1.159555,1.256782,1.227067,1.137473,1.129343,1.052875,1.101519,1.049544,0.966046,0.850897,0.857628,0.843632,0.834638,0.760474,0.746438,0.688320,0.712778,0.781402,0.813663,0.823180,0.840177,0.800053,0.856869,0.893435,0.983479,0.948060,1.135836,1.169732,1.086482,1.120901,1.212403,1.270907,1.208673,1.237411
1.176928,1.190658,1.149816,1.061816,1.118226,1.063613,0.990651,0.879591,0.800885,0.845274,0.701954,0.694317,0.715702,0.613860,0.605230,0.591694,0.715679,0.715796,0.606963,0.703607,0.705393,0.750380,0.776485,0.864374,0.873705,0.975159,0.998949,1.023256,1.004942,1.105629,1.133684,1.117665,1.182993,1.206310,1.185896,1.078724,1.119352,1.071250,1.044920,0.964793,0.848485,0.877017,0.759034,0.751377,0.791489,0.707408,0.750338,0.690138,0.682766,0.635872,0.711509,0.673267,0.671803,0.796639,0.807751,0.741466,0.843876,0.971246,0.926437,0.951097,0.998639,1.065147,1.127759,1.074814,1.142443,1.159212,1.113301,1.112177,1.101167,1.155654,1.107867,0.993788,0.955522,0.905829,0.799921,0.878639,0.792328,0.758082,0.754659,0.664852,0.695993,0.588424,0.640841,0.596998,0.662075,0.662775,0.735452,0.797098,0.738609,0.917341,0.831498,1.015443,1.037422,1.032519,1.125192,1.045501,1.112996,1.173400,1.209065,1.135237
1.075885,0.979206,1.005987,1.068943,1.024386,0.972927,0.953333,0.892745,0.853129,0.756904,0.661637,0.613349,0.665041,0.547077,0.644079,0.556931,0.578249,0.568253,0.645192,0.642811,0.641335,0.710510,0.736795,0.814697,0.759905,0.887754,0.902978,1.024147,0.978371,1.064775,1.055509,1.009547,1.082287,1.022269,1.015916,1.035728,0.945404,1.009969,0.912867,0.938040,0.800130,0.852743,0.677554,0.652195,0.709833,0.620351,0.670373,0.650147,0.507395,0.538033,0.577775,0.630535,0.673995,0.589758,0.666772,0.768876,0.755953,0.891364,0.821034,0.964703,1.004869,1.038514,1.060446,1.036268,1.085317,1.074164,1.126821,1.120340,1.037479,0.934692,0.964075,0.896295,0.869514,0.831431,0.838336,0.774610,0.688123,0.704733,0.679370,0.614970,0.648722,0.642022,0.568964,0.506974,0.606492,0.666920,0.642032,0.644930,0.765499,0.774062,0.844673,0.802069,0.851900,0.902680,1.061484,1.012219,1.084669,1.119498,1.141972,1.109788
